iteration,mean_reward
0,0.45497483015060425
1,-0.4119565188884735
2,-0.9008863568305969
3,-1.729243516921997
4,-2.5435829162597656
5,-3.158234119415283
6,-3.817291498184204
7,-4.348321914672852
8,-4.71461296081543
9,-5.44296407699585
10,-5.657666206359863
11,-5.8098015785217285
12,-6.216888904571533
13,-5.818780422210693
14,-4.645321846008301
15,-4.63209867477417
16,-3.40466046333313
17,-2.514575242996216
18,-2.4422671794891357
19,-1.3665215969085693
20,-0.23926353454589844
21,0.11778263002634048
22,1.4283562898635864
23,2.168985366821289
24,2.941777467727661
25,3.9009511470794678
26,4.693202018737793
27,5.808081150054932
28,6.605626583099365
29,7.133345603942871
30,7.621996879577637
31,8.66805648803711
32,9.16954517364502
33,9.039751052856445
34,10.934386253356934
35,11.873686790466309
36,11.250423431396484
37,11.869948387145996
38,13.049713134765625
39,12.292820930480957
40,13.577010154724121
41,14.035250663757324
42,14.079192161560059
43,15.317983627319336
44,15.609885215759277
45,16.186752319335938
46,15.028088569641113
47,16.810928344726562
48,18.375558853149414
49,18.056148529052734
50,17.285789489746094
51,18.97907257080078
52,19.976730346679688
53,21.38921356201172
54,20.13654327392578
55,17.840505599975586
56,21.39006805419922
57,19.74831771850586
58,21.19467544555664
59,21.00885009765625
60,19.358556747436523
61,20.717344284057617
62,20.824308395385742
63,20.505407333374023
64,20.832487106323242
65,23.170331954956055
66,23.573123931884766
67,21.383346557617188
68,23.080493927001953
69,23.374099731445312
70,22.959787368774414
71,21.789371490478516
72,22.689044952392578
73,22.365646362304688
74,24.864721298217773
75,24.019287109375
76,24.302814483642578
77,23.74651336669922
78,25.255022048950195
79,26.018714904785156
80,25.83408546447754
81,26.70386505126953
82,23.81905746459961
83,25.461238861083984
84,25.234655380249023
85,23.59662437438965
86,25.40245819091797
87,26.960351943969727
88,24.865446090698242
89,25.862533569335938
90,26.36090850830078
91,26.806034088134766
92,26.97018051147461
93,28.430034637451172
94,27.957685470581055
95,26.52020263671875
96,25.915626525878906
97,26.203407287597656
98,27.757604598999023
99,25.495054244995117
100,27.76239013671875
101,27.83099937438965
102,23.967275619506836
103,27.661521911621094
104,29.257726669311523
105,27.6464786529541
106,26.590524673461914
107,25.102867126464844
108,26.792388916015625
109,26.92177963256836
110,28.60643196105957
111,28.776840209960938
112,27.173677444458008
113,29.157634735107422
114,25.81220054626465
115,26.935789108276367
116,28.337034225463867
117,29.227067947387695
118,26.863492965698242
119,27.44917106628418
120,25.124526977539062
121,27.586729049682617
122,25.28191566467285
123,28.88640022277832
124,27.976152420043945
125,26.57408905029297
126,30.21341896057129
127,27.429704666137695
128,28.111976623535156
129,27.994497299194336
130,27.18451690673828
131,29.300928115844727
132,27.569974899291992
133,30.229806900024414
134,26.282556533813477
135,25.64452362060547
136,29.966115951538086
137,28.437681198120117
138,31.332082748413086
139,26.356231689453125
140,30.58173942565918
141,25.17569351196289
142,28.52837562561035
143,28.03441047668457
144,28.976144790649414
145,29.90955352783203
146,28.90555191040039
147,28.828937530517578
148,29.990379333496094
149,28.946884155273438
150,32.25876998901367
151,30.357315063476562
152,30.554018020629883
153,29.772525787353516
154,28.793848037719727
155,26.242456436157227
156,28.399335861206055
157,30.082279205322266
158,29.87983512878418
159,29.655418395996094
160,26.761850357055664
161,29.740026473999023
162,29.35773277282715
163,28.79780387878418
164,31.148954391479492
165,31.43032455444336
166,27.456384658813477
167,28.257972717285156
168,30.851608276367188
169,30.976158142089844
170,30.04364013671875
171,28.583162307739258
172,28.315526962280273
173,32.39568328857422
174,27.331974029541016
175,27.389657974243164
176,31.708681106567383
177,30.2935733795166
178,28.433467864990234
179,33.166648864746094
180,28.137916564941406
181,31.24123764038086
182,32.683937072753906
183,30.037349700927734
184,34.83051300048828
185,27.812255859375
186,32.03849792480469
187,29.509666442871094
188,29.62837028503418
189,30.556392669677734
190,30.7586669921875
191,31.865814208984375
192,31.911029815673828
193,30.052026748657227
194,31.34659194946289
195,33.54472732543945
196,32.389122009277344
197,29.279285430908203
198,31.133811950683594
199,31.690807342529297
200,31.2352294921875
201,31.074493408203125
202,29.706968307495117
203,29.97602653503418
204,31.670482635498047
205,32.99196243286133
206,31.08442497253418
207,32.92204284667969
208,31.04901885986328
209,29.30976104736328
210,34.006473541259766
211,34.63884735107422
212,31.320463180541992
213,34.395729064941406
214,34.748252868652344
215,31.47076988220215
216,34.950965881347656
217,33.36119842529297
218,31.101119995117188
219,36.12351989746094
220,34.267032623291016
221,30.773929595947266
222,32.93869400024414
223,33.509090423583984
224,35.79127883911133
225,33.266448974609375
226,33.628814697265625
227,34.12906265258789
228,33.78518295288086
229,33.7339973449707
230,35.54906463623047
231,33.053646087646484
232,33.59124755859375
233,35.22932434082031
234,35.854286193847656
235,35.89169692993164
236,36.1503791809082
237,37.780364990234375
238,35.172828674316406
239,35.27629470825195
240,33.92272186279297
241,34.902835845947266
242,34.85422134399414
243,36.07933807373047
244,32.72417068481445
245,35.721412658691406
246,35.6328239440918
247,35.73723220825195
248,35.33531951904297
249,34.708763122558594
250,32.34260559082031
251,34.341548919677734
252,35.0660514831543
253,33.33213806152344
254,38.25729751586914
255,35.28023147583008
256,32.55229187011719
257,37.060855865478516
258,36.05988693237305
259,38.13009262084961
260,37.044429779052734
261,40.39866256713867
262,35.33427429199219
263,38.372615814208984
264,31.366540908813477
265,36.167991638183594
266,31.878454208374023
267,39.650081634521484
268,31.97707176208496
269,35.60765838623047
270,36.62422561645508
271,35.942508697509766
272,36.839412689208984
273,34.31488800048828
274,36.023250579833984
275,34.756019592285156
276,36.393287658691406
277,37.42646026611328
278,36.97587585449219
279,37.96187973022461
280,36.84605407714844
281,38.7109489440918
282,35.88176727294922
283,38.18196105957031
284,37.821537017822266
285,35.20545959472656
286,40.56752395629883
287,33.23896026611328
288,37.541500091552734
289,38.669742584228516
290,38.21330261230469
291,33.830162048339844
292,38.482418060302734
293,33.99085998535156
294,39.305503845214844
295,37.350765228271484
296,34.538185119628906
297,39.50339126586914
298,37.7763557434082
299,35.20014953613281
300,36.26845169067383
301,36.62362289428711
302,39.50785446166992
303,35.230613708496094
304,37.9901123046875
305,37.629119873046875
306,38.05576705932617
307,39.46054458618164
308,36.36736297607422
309,35.756771087646484
310,38.27741622924805
311,34.894508361816406
312,39.04502487182617
313,35.06665802001953
314,36.24871826171875
315,36.584266662597656
316,40.63467025756836
317,37.62299346923828
318,39.142452239990234
319,39.23280334472656
320,37.980934143066406
321,37.9528694152832
322,40.901123046875
323,37.1342658996582
324,41.08724594116211
325,36.863773345947266
326,40.337860107421875
327,37.75516128540039
328,38.524105072021484
329,36.217262268066406
330,38.25798416137695
331,41.70566177368164
332,42.15933609008789
333,37.2369270324707
334,42.075016021728516
335,37.268150329589844
336,39.00381088256836
337,40.437198638916016
338,41.283897399902344
339,41.05763626098633
340,39.1256103515625
341,38.84787368774414
342,40.55924606323242
343,36.49113464355469
344,38.47595977783203
345,40.10003662109375
346,41.35843276977539
347,40.29249954223633
348,38.964752197265625
349,35.227115631103516
350,35.67976379394531
351,38.57966232299805
352,40.09572982788086
353,38.896507263183594
354,39.728538513183594
355,40.14206314086914
356,38.5445671081543
357,41.5928840637207
358,38.81757354736328
359,39.931419372558594
360,39.119441986083984
361,35.25511169433594
362,39.50275802612305
363,37.6466064453125
364,41.21158981323242
365,41.59743881225586
366,40.91929626464844
367,38.50199508666992
368,41.993263244628906
369,40.85904312133789
370,41.72938919067383
371,44.56974792480469
372,41.82011032104492
373,41.56746292114258
374,39.743873596191406
375,39.75645065307617
376,38.77821731567383
377,41.81494903564453
378,38.417842864990234
379,44.370872497558594
380,40.82532501220703
381,40.67845916748047
382,43.255523681640625
383,43.42107391357422
384,40.5426025390625
385,38.42258834838867
386,41.69322204589844
387,42.41911697387695
388,42.728763580322266
389,40.03602981567383
390,43.6893424987793
391,43.524070739746094
392,45.59718322753906
393,43.82335662841797
394,44.349761962890625
395,43.69562530517578
396,41.708984375
397,40.28672409057617
398,44.16950607299805
399,43.26849365234375
400,42.46651077270508
401,43.235652923583984
402,42.487884521484375
403,46.86865234375
404,43.41688537597656
405,40.87087631225586
406,42.62895965576172
407,43.663551330566406
408,47.05998992919922
409,43.687503814697266
410,45.64765930175781
411,44.17917251586914
412,44.081275939941406
413,42.68059539794922
414,41.61902618408203
415,44.925655364990234
416,44.30824661254883
417,44.6075439453125
418,42.76027297973633
419,46.0733528137207
420,45.49702835083008
421,46.14006423950195
422,48.26370620727539
423,43.30698013305664
424,46.488216400146484
425,46.06550979614258
426,47.347408294677734
427,45.01780700683594
428,45.57117462158203
429,47.93478775024414
430,46.265438079833984
431,47.108726501464844
432,46.31196594238281
433,48.6087646484375
434,44.62685012817383
435,48.6138801574707
436,48.1826057434082
437,48.364288330078125
438,45.511783599853516
439,44.233848571777344
440,47.776519775390625
441,48.175743103027344
442,49.264610290527344
443,49.178462982177734
444,48.69304656982422
445,48.04460525512695
446,50.13663864135742
447,46.19477081298828
448,48.65642547607422
449,46.42007064819336
450,49.397708892822266
451,48.124080657958984
452,48.1265983581543
453,48.679317474365234
454,48.61893844604492
455,48.494102478027344
456,49.74686813354492
457,48.087615966796875
458,49.80006408691406
459,50.803462982177734
460,49.36880111694336
461,50.509273529052734
462,49.694580078125
463,51.653202056884766
464,50.33039093017578
465,50.00849533081055
466,51.47859573364258
467,51.22703552246094
468,49.25395965576172
469,49.84489822387695
470,51.153804779052734
471,46.200172424316406
472,50.077850341796875
473,51.27367401123047
474,50.191368103027344
475,50.770347595214844
476,47.88339614868164
477,50.008182525634766
478,50.87662887573242
479,51.31739807128906
480,49.52079391479492
481,51.195472717285156
482,50.94063186645508
483,51.51383590698242
484,51.74164962768555
485,50.62008285522461
486,50.31926345825195
487,50.08336639404297
488,48.245365142822266
489,50.021263122558594
490,50.47733688354492
491,50.89419937133789
492,49.75178527832031
493,51.64152526855469
494,51.95640182495117
495,52.24911117553711
496,51.15941619873047
497,53.345516204833984
498,53.818756103515625
499,52.49909591674805
500,50.856685638427734
501,51.89492416381836
502,52.52166748046875
503,49.398406982421875
504,50.37656784057617
505,50.080467224121094
506,49.3272819519043
507,49.33610534667969
508,48.63698959350586
509,50.58666229248047
510,48.741817474365234
511,50.11613845825195
512,48.231544494628906
513,47.794273376464844
514,48.61001205444336
515,46.4627685546875
516,48.36264419555664
517,47.835994720458984
518,50.62242126464844
519,52.582149505615234
520,46.16456604003906
521,49.87520217895508
522,51.04543685913086
523,49.33852767944336
524,51.515228271484375
525,51.6005744934082
526,51.06483459472656
527,49.326019287109375
528,52.596988677978516
529,52.10834503173828
530,53.004600524902344
531,51.444252014160156
532,50.894290924072266
533,53.64663314819336
534,53.00371170043945
535,53.28714370727539
536,52.15879821777344
537,54.465145111083984
538,52.41217803955078
539,53.368194580078125
540,52.86033248901367
541,52.85066604614258
542,52.849327087402344
543,53.51968002319336
544,54.71857833862305
545,53.66393280029297
546,54.60629653930664
547,53.935516357421875
548,54.412967681884766
549,53.66562271118164
550,55.31597137451172
551,54.9219856262207
552,55.57099151611328
553,55.353538513183594
554,53.30052947998047
555,56.198097229003906
556,53.0738525390625
557,53.90237045288086
558,55.39614486694336
559,56.59027862548828
560,54.63809585571289
561,54.64356231689453
562,54.98405456542969
563,56.179962158203125
564,55.037837982177734
565,57.42710494995117
566,56.80356216430664
567,55.06943130493164
568,56.66071319580078
569,55.342369079589844
570,57.41918182373047
571,58.014060974121094
572,57.63365936279297
573,54.30949783325195
574,56.74030685424805
575,57.48509216308594
576,58.06155014038086
577,58.11804962158203
578,55.49026870727539
579,56.68656539916992
580,57.78353500366211
581,56.943931579589844
582,57.32430648803711
583,57.40618896484375
584,55.55528259277344
585,55.95170211791992
586,57.32950973510742
587,57.67106246948242
588,58.149635314941406
589,58.82963180541992
590,58.6362190246582
591,57.28846740722656
592,57.22026443481445
593,58.13037109375
594,56.378536224365234
595,57.584922790527344
596,55.45708084106445
597,56.92666244506836
598,56.51118087768555
599,58.94257354736328
600,58.11064910888672
601,57.198184967041016
602,58.28770446777344
603,59.27067947387695
604,56.70269775390625
605,58.22173309326172
606,58.047752380371094
607,57.427268981933594
608,59.61933135986328
609,58.73337173461914
610,56.662471771240234
611,56.85557556152344
612,48.23028564453125
613,48.3845100402832
614,47.660282135009766
615,49.509056091308594
616,48.97917556762695
617,51.874549865722656
618,46.95911407470703
619,49.14226150512695
620,50.688446044921875
621,51.1838264465332
622,47.39652633666992
623,47.67058563232422
624,52.66756820678711
625,49.62312698364258
626,44.370296478271484
627,48.67470169067383
628,48.16925811767578
629,49.977806091308594
630,51.34145736694336
631,51.59956741333008
632,51.973243713378906
633,48.01601791381836
634,49.929141998291016
635,51.694496154785156
636,48.75394058227539
637,46.90853500366211
638,48.929378509521484
639,52.620418548583984
640,50.829734802246094
641,50.579715728759766
642,49.11106872558594
643,52.62501907348633
644,52.21408462524414
645,49.742183685302734
646,50.72501754760742
647,49.93569564819336
648,51.920963287353516
649,47.66221618652344
650,49.994667053222656
651,50.43651580810547
652,50.18947219848633
653,49.7503662109375
654,46.645172119140625
655,51.17446517944336
656,50.88709259033203
657,52.43513870239258
658,50.17816162109375
659,50.68052291870117
660,50.2054557800293
661,49.19179916381836
662,52.1673698425293
663,51.7440185546875
664,47.028114318847656
665,52.26496887207031
666,50.60969543457031
667,49.50699996948242
668,50.853397369384766
669,50.19287872314453
670,51.20158386230469
671,51.42103576660156
672,51.130897521972656
673,52.60710525512695
674,50.952091217041016
675,50.724369049072266
676,51.562774658203125
677,50.55394744873047
678,51.74690246582031
679,50.915218353271484
680,51.724327087402344
681,51.451393127441406
682,45.6535758972168
683,49.062984466552734
684,51.49055480957031
685,50.461700439453125
686,47.87657165527344
687,52.460548400878906
688,50.48843002319336
689,50.801490783691406
690,50.81676483154297
691,49.92796325683594
692,49.78303527832031
693,51.05888748168945
694,50.80551528930664
695,50.45841979980469
696,50.303157806396484
697,47.650062561035156
698,51.5478630065918
699,47.312374114990234
700,50.41440200805664
701,49.05426025390625
702,49.97486114501953
703,50.91037368774414
704,51.800071716308594
705,49.03612518310547
706,51.97159194946289
707,47.574241638183594
708,50.56756591796875
709,52.53444290161133
710,47.79450988769531
711,50.012718200683594
712,48.578330993652344
713,48.39203643798828
714,49.87525939941406
715,51.648895263671875
716,49.59494400024414
717,49.66883850097656
718,49.227359771728516
719,49.95785140991211
720,52.67024230957031
721,50.831932067871094
722,52.68135452270508
723,51.24974060058594
724,53.979801177978516
725,51.107749938964844
726,47.162166595458984
727,50.44538497924805
728,52.03640365600586
729,52.419246673583984
730,48.65467071533203
731,46.752323150634766
732,51.35651397705078
733,52.726863861083984
734,51.36985397338867
735,52.123687744140625
736,51.36758804321289
737,52.944950103759766
738,54.89356231689453
739,51.69242477416992
740,48.98719787597656
741,51.6285514831543
742,49.271873474121094
743,49.380924224853516
744,50.67119216918945
745,49.4007568359375
746,52.678524017333984
747,51.608856201171875
748,50.79365539550781
749,50.08556365966797
750,50.58315658569336
751,51.055145263671875
752,49.13347244262695
753,50.127532958984375
754,53.04008483886719
755,50.05192565917969
756,49.86577224731445
757,51.700923919677734
758,50.440433502197266
759,48.62701416015625
760,49.86991500854492
761,51.64715576171875
762,52.57004165649414
763,51.62277603149414
764,49.19550704956055
765,48.764739990234375
766,50.878440856933594
767,53.636558532714844
768,51.969661712646484
769,52.244075775146484
770,50.87251663208008
771,50.27544021606445
772,52.417266845703125
773,46.055641174316406
774,52.308197021484375
775,48.64787673950195
776,51.49878692626953
777,48.825965881347656
778,48.201515197753906
779,49.500972747802734
780,51.04462432861328
781,51.01786804199219
782,52.209285736083984
783,48.782127380371094
784,54.663936614990234
785,51.264400482177734
786,53.49942398071289
787,51.3325080871582
788,53.12860107421875
789,50.340145111083984
790,51.496910095214844
791,51.26695251464844
792,50.39804458618164
793,48.60454177856445
794,51.868507385253906
795,50.47517395019531
796,51.56833267211914
797,51.60565948486328
798,52.95906448364258
799,52.32383728027344
800,52.568607330322266
801,47.944068908691406
802,51.60929870605469
803,50.601173400878906
804,51.56510543823242
805,49.97364044189453
806,49.86650466918945
807,50.313453674316406
808,52.253570556640625
809,49.46733856201172
810,52.325740814208984
811,49.448158264160156
812,49.9788703918457
813,50.445030212402344
814,50.043968200683594
815,50.57174301147461
816,51.320655822753906
817,54.00545120239258
818,49.22231674194336
819,51.162925720214844
820,53.77942657470703
821,48.02375030517578
822,52.897090911865234
823,51.194915771484375
824,52.03595733642578
825,48.8674201965332
826,47.566932678222656
827,50.03709030151367
828,48.81772232055664
829,49.55494689941406
830,51.80180740356445
831,48.07210922241211
832,52.294498443603516
833,51.54816818237305
834,49.6738166809082
835,52.91958999633789
836,50.410099029541016
837,51.269100189208984
838,50.07687759399414
839,52.86241912841797
840,51.26799392700195
841,49.54383850097656
842,53.15684127807617
843,50.70896911621094
844,51.46929168701172
845,51.07099914550781
846,49.71101379394531
847,51.98107147216797
848,49.71865463256836
849,52.75862503051758
850,50.038658142089844
851,51.83369445800781
852,48.35026931762695
853,48.79096603393555
854,53.010372161865234
855,53.914737701416016
856,52.84512710571289
857,52.320457458496094
858,52.40657424926758
859,48.37289047241211
860,49.60397720336914
861,51.45530700683594
862,54.64338684082031
863,50.87334060668945
864,53.70014953613281
865,50.69602584838867
866,47.92154312133789
867,48.820281982421875
868,51.94417190551758
869,52.28203582763672
870,48.37586975097656
871,52.52457809448242
872,51.320716857910156
873,49.82488250732422
874,52.15412139892578
875,51.22446823120117
876,49.403194427490234
877,51.638710021972656
878,52.9952507019043
879,53.321990966796875
880,52.457618713378906
881,53.09296417236328
882,52.305503845214844
883,50.11702346801758
884,49.82624435424805
885,52.9642219543457
886,50.4584846496582
887,53.44966125488281
888,51.4637451171875
889,51.522151947021484
890,51.96383285522461
891,52.30107116699219
892,52.7805061340332
893,50.51831817626953
894,50.52822494506836
895,50.243465423583984
896,49.95458984375
897,51.20136260986328
898,49.892982482910156
899,51.9642333984375
900,52.3055419921875
901,52.9774284362793
902,51.90901565551758
903,51.56089782714844
904,51.10505676269531
905,49.77351760864258
906,51.97941207885742
907,50.994285583496094
908,54.280372619628906
909,51.800846099853516
910,51.899330139160156
911,52.113094329833984
912,52.50413513183594
913,49.84077072143555
914,51.707183837890625
915,50.82402038574219
916,49.485107421875
917,49.5260124206543
918,51.56948471069336
919,53.25800704956055
920,52.84077835083008
921,51.915916442871094
922,50.735374450683594
923,54.67667770385742
924,52.59602355957031
925,50.29835510253906
926,52.035362243652344
927,51.74972152709961
928,49.354576110839844
929,51.300933837890625
930,48.93357467651367
931,53.87698745727539
932,48.654869079589844
933,52.20231628417969
934,51.74860763549805
935,52.88700866699219
936,52.027591705322266
937,51.04903030395508
938,49.82988357543945
939,52.11513137817383
940,51.542991638183594
941,53.281532287597656
942,53.95246887207031
943,53.42247772216797
944,53.0623664855957
945,53.294734954833984
946,50.39960861206055
947,53.31387710571289
948,54.09186553955078
949,53.5858039855957
950,53.730567932128906
951,51.90583038330078
952,49.850040435791016
953,53.69269943237305
954,51.68535614013672
955,49.2694206237793
956,54.053497314453125
957,51.98443603515625
958,50.89603805541992
959,52.07747268676758
960,53.34375
961,52.12804412841797
962,52.15420913696289
963,50.91583251953125
964,50.315223693847656
965,51.592491149902344
966,51.42274475097656
967,48.32294845581055
968,52.65354919433594
969,49.4183464050293
970,51.77622985839844
971,53.69496154785156
972,51.909122467041016
973,51.466861724853516
974,49.77694320678711
975,47.66878890991211
976,50.0703125
977,52.65804672241211
978,49.557735443115234
979,50.491966247558594
980,50.742828369140625
981,50.54728317260742
982,52.210670471191406
983,52.020118713378906
984,53.315704345703125
985,51.552913665771484
986,52.30030059814453
987,51.02302169799805
988,51.63252258300781
989,51.467220306396484
990,49.33405303955078
991,50.32221984863281
992,50.47367858886719
993,51.473426818847656
994,50.53831100463867
995,49.28001022338867
996,50.63472366333008
997,52.65935516357422
998,48.07293701171875
999,49.71017837524414
1000,50.76744079589844
1001,49.479286193847656
1002,52.45625686645508
1003,51.59955596923828
1004,49.415714263916016
1005,51.44988250732422
1006,53.17947769165039
1007,50.44415283203125
1008,54.14191436767578
1009,49.641632080078125
1010,52.19633102416992
1011,50.47532272338867
1012,48.365478515625
1013,48.39828109741211
1014,48.9799690246582
1015,45.92634201049805
1016,51.30320739746094
1017,47.8355827331543
1018,46.841609954833984
1019,49.05180740356445
1020,47.721736907958984
1021,49.028221130371094
1022,49.516456604003906
1023,49.37508773803711
1024,46.70612716674805
1025,48.86152648925781
1026,51.390010833740234
1027,48.480140686035156
1028,49.307064056396484
1029,48.17411804199219
1030,49.423866271972656
1031,45.5330810546875
1032,49.37765884399414
1033,47.95468521118164
1034,48.66395568847656
1035,49.840274810791016
1036,48.55765914916992
1037,49.000980377197266
1038,48.82972717285156
1039,49.06072998046875
1040,46.904937744140625
1041,45.80432891845703
1042,44.51445770263672
1043,48.842838287353516
1044,48.415977478027344
1045,47.4761848449707
1046,46.2017822265625
1047,48.557064056396484
1048,44.96026611328125
1049,48.633636474609375
1050,50.03436279296875
1051,50.775482177734375
1052,46.21788787841797
1053,49.509525299072266
1054,49.85063552856445
1055,47.908756256103516
1056,49.848289489746094
1057,49.17620086669922
1058,49.83460998535156
1059,47.74775695800781
1060,48.02303695678711
1061,45.6806526184082
1062,49.328285217285156
1063,47.970096588134766
1064,46.98162841796875
1065,44.77344512939453
1066,48.405548095703125
1067,45.43488693237305
1068,49.19175720214844
1069,49.582305908203125
1070,43.94019317626953
1071,49.309730529785156
1072,47.799869537353516
1073,46.534584045410156
1074,49.92989730834961
1075,44.964988708496094
1076,48.246116638183594
1077,48.501102447509766
1078,50.07917785644531
1079,46.68368911743164
1080,45.56642150878906
1081,45.087093353271484
1082,50.36329650878906
1083,45.32207107543945
1084,49.60688400268555
1085,50.32203674316406
1086,48.76231002807617
1087,46.93806457519531
1088,48.43368148803711
1089,46.33274841308594
1090,45.84001541137695
1091,44.44738006591797
1092,49.364933013916016
1093,46.1531982421875
1094,47.79245376586914
1095,48.54044723510742
1096,48.322635650634766
1097,49.642696380615234
1098,47.43321990966797
1099,47.058387756347656
1100,48.89787673950195
1101,44.0279426574707
1102,47.74073028564453
1103,46.96015167236328
1104,46.835533142089844
1105,44.972225189208984
1106,48.94155502319336
1107,48.57335662841797
1108,45.38376998901367
1109,48.41876220703125
1110,47.5013427734375
1111,47.492408752441406
1112,48.08998107910156
1113,48.590946197509766
1114,44.0679817199707
1115,46.791439056396484
1116,45.76892852783203
1117,43.77562713623047
1118,47.74134826660156
1119,48.65155792236328
1120,47.05965805053711
1121,48.01834487915039
1122,50.4996337890625
1123,44.643741607666016
1124,47.77571105957031
1125,48.43153762817383
1126,45.6864128112793
1127,45.35153579711914
1128,49.023292541503906
1129,47.35053634643555
1130,47.391937255859375
1131,49.34342956542969
1132,45.36457061767578
1133,47.84999084472656
1134,46.92902755737305
1135,47.160274505615234
1136,47.078182220458984
1137,48.350894927978516
1138,47.46490478515625
1139,48.54366683959961
1140,48.80792236328125
1141,49.3565788269043
1142,46.72145080566406
1143,51.47283172607422
1144,50.10163497924805
1145,46.75507354736328
1146,48.12139892578125
1147,45.018192291259766
1148,45.77862548828125
1149,44.600040435791016
1150,49.424842834472656
1151,50.37232208251953
1152,49.024539947509766
1153,45.14600372314453
1154,48.6326904296875
1155,49.43860626220703
1156,45.87936019897461
1157,49.27239227294922
1158,51.32904052734375
1159,47.00357437133789
1160,48.85326385498047
1161,49.46958541870117
1162,46.079627990722656
1163,48.4862174987793
1164,46.62824630737305
1165,46.593292236328125
1166,45.9749755859375
1167,49.55472946166992
1168,47.87080764770508
1169,44.59804153442383
1170,49.58555603027344
1171,45.979942321777344
1172,50.53650665283203
1173,50.20563507080078
1174,45.4452018737793
1175,47.641170501708984
1176,47.19630813598633
1177,48.65473556518555
1178,46.58251953125
1179,47.753658294677734
1180,46.410011291503906
1181,47.34763717651367
1182,47.942012786865234
1183,48.1777458190918
1184,46.924068450927734
1185,50.568939208984375
1186,47.09031677246094
1187,48.31856918334961
1188,48.11207962036133
1189,47.32941436767578
1190,51.88456726074219
1191,47.33707809448242
1192,47.28170394897461
1193,47.87733459472656
1194,50.784584045410156
1195,46.279300689697266
1196,48.106136322021484
1197,46.9111213684082
1198,45.76787185668945
1199,51.64676284790039
1200,48.03657150268555
1201,50.78664779663086
1202,47.346195220947266
1203,49.55937576293945
1204,49.00947952270508
1205,51.69371795654297
1206,47.47160339355469
1207,46.304954528808594
1208,46.843544006347656
1209,45.96157455444336
1210,49.32250213623047
1211,47.671016693115234
1212,47.23569869995117
1213,49.462059020996094
1214,46.0555305480957
1215,45.987735748291016
1216,48.02750015258789
1217,50.444557189941406
1218,46.855430603027344
1219,47.8874626159668
1220,45.67237854003906
1221,47.489540100097656
1222,48.19235610961914
1223,45.764381408691406
1224,46.74528121948242
1225,47.81981658935547
1226,47.632530212402344
1227,51.12461471557617
1228,48.96879196166992
1229,48.48256301879883
1230,49.07173156738281
1231,47.602596282958984
1232,48.010284423828125
1233,49.32295227050781
1234,51.731563568115234
1235,50.7977294921875
1236,49.01091766357422
1237,49.669925689697266
1238,49.79917526245117
1239,50.85819625854492
1240,45.35207748413086
1241,50.306400299072266
1242,47.74280548095703
1243,49.12954330444336
1244,46.96089172363281
1245,47.965354919433594
1246,50.55714416503906
1247,49.1119499206543
1248,46.59318161010742
1249,51.61009979248047
1250,47.616939544677734
1251,48.197410583496094
1252,51.09455108642578
1253,52.422035217285156
1254,48.896827697753906
1255,50.142269134521484
1256,47.36911392211914
1257,48.64212417602539
1258,49.77840805053711
1259,45.7164306640625
1260,48.336612701416016
1261,50.64670944213867
1262,49.45625305175781
1263,49.75151443481445
1264,51.761863708496094
1265,46.62259292602539
1266,45.24711990356445
1267,45.45184326171875
1268,51.01344680786133
1269,51.071327209472656
1270,49.90643310546875
1271,46.62333297729492
1272,47.07075500488281
1273,49.689273834228516
1274,53.471221923828125
1275,51.0471076965332
1276,51.348758697509766
1277,48.84262466430664
1278,46.154441833496094
1279,50.100460052490234
1280,47.37529373168945
1281,48.88714599609375
1282,47.70486068725586
1283,50.358489990234375
1284,50.01122283935547
1285,48.15485382080078
1286,46.88577651977539
1287,48.10888671875
1288,48.46440124511719
1289,49.740318298339844
1290,48.3934440612793
1291,47.20293426513672
1292,49.82018280029297
1293,49.935001373291016
1294,48.58369064331055
1295,50.11085510253906
1296,47.77800369262695
1297,52.167747497558594
1298,48.32841491699219
1299,51.174198150634766
1300,48.60971450805664
1301,50.35614013671875
1302,50.33855438232422
1303,48.709754943847656
1304,46.2171516418457
1305,50.17348098754883
1306,46.83369445800781
1307,50.58632278442383
1308,47.77446746826172
1309,50.470611572265625
1310,52.74778366088867
1311,49.15754318237305
1312,48.854705810546875
1313,51.444236755371094
1314,51.208560943603516
1315,52.23346710205078
1316,50.734554290771484
1317,48.079864501953125
1318,48.84223556518555
1319,48.855892181396484
1320,47.71149826049805
1321,49.727603912353516
1322,51.12271499633789
1323,49.698516845703125
1324,48.72267532348633
1325,48.78660583496094
1326,51.653663635253906
1327,48.49367904663086
1328,51.76372528076172
1329,50.60448455810547
1330,51.52674865722656
1331,50.78448486328125
1332,47.945701599121094
1333,44.501922607421875
1334,48.93940353393555
1335,48.56949234008789
1336,51.87643814086914
1337,47.827213287353516
1338,47.23273849487305
1339,48.781436920166016
1340,48.559959411621094
1341,49.66797637939453
1342,51.305267333984375
1343,50.91455078125
1344,49.0313606262207
1345,49.227848052978516
1346,50.87508773803711
1347,51.09379577636719
1348,51.11271286010742
1349,48.32817459106445
1350,47.071712493896484
1351,47.56672668457031
1352,47.15397644042969
1353,48.126976013183594
1354,48.33944320678711
1355,48.28755569458008
1356,45.802391052246094
1357,49.07461929321289
1358,50.11174392700195
1359,48.26279067993164
1360,47.83583450317383
1361,49.46488952636719
1362,49.31306076049805
1363,49.38642501831055
1364,49.40892028808594
1365,51.90361022949219
1366,50.15816879272461
1367,50.28435134887695
1368,47.155948638916016
1369,47.50274658203125
1370,49.58902359008789
1371,49.8463249206543
1372,48.403804779052734
1373,49.74475860595703
1374,49.06438064575195
1375,50.156028747558594
1376,48.76568603515625
1377,46.7675666809082
1378,49.296897888183594
1379,45.79652786254883
1380,46.85744094848633
1381,49.10052490234375
1382,51.02024459838867
1383,48.81328201293945
1384,51.798160552978516
1385,47.67935562133789
1386,48.571163177490234
1387,49.41863250732422
1388,48.490623474121094
1389,50.076683044433594
1390,51.842918395996094
1391,48.0496711730957
1392,47.88488006591797
1393,50.71721649169922
1394,48.368309020996094
1395,48.075618743896484
1396,50.40317153930664
1397,48.79522705078125
1398,47.578582763671875
1399,46.19407653808594
1400,48.3156852722168
1401,47.3448486328125
1402,48.207855224609375
1403,51.05018997192383
1404,49.20162582397461
1405,46.413490295410156
1406,46.819190979003906
1407,50.00775909423828
1408,45.99335479736328
1409,51.476829528808594
1410,50.72825241088867
1411,50.37947463989258
1412,48.37034225463867
1413,47.99811553955078
1414,46.83576202392578
1415,48.23161315917969
1416,50.89426803588867
1417,49.81734848022461
1418,50.83314514160156
1419,50.20663833618164
1420,47.84125900268555
1421,46.17079544067383
1422,48.76152420043945
1423,48.30350875854492
1424,48.14069747924805
1425,48.099239349365234
1426,47.76853561401367
1427,50.27058410644531
1428,47.62642288208008
1429,47.27486038208008
1430,48.0261116027832
1431,48.25716781616211
1432,46.86643981933594
1433,45.55704116821289
1434,48.95682907104492
1435,47.321895599365234
1436,48.00159454345703
1437,47.07403564453125
1438,45.6674919128418
1439,49.3254280090332
1440,49.68980407714844
1441,47.87594223022461
1442,46.05670166015625
1443,49.236392974853516
1444,50.3142204284668
1445,45.101436614990234
1446,49.37547302246094
1447,47.49774932861328
1448,47.76371765136719
1449,50.6778678894043
1450,49.05550765991211
1451,47.76020050048828
1452,46.785980224609375
1453,50.80605697631836
1454,45.676483154296875
1455,49.97136306762695
1456,51.46892547607422
1457,48.83313751220703
1458,47.9948844909668
1459,49.03519058227539
1460,48.30501174926758
1461,46.96009826660156
1462,49.60329818725586
1463,49.556175231933594
1464,47.124473571777344
1465,43.63106918334961
1466,50.00291061401367
1467,49.703365325927734
1468,46.31372833251953
1469,51.02060317993164
1470,51.900821685791016
1471,50.54031753540039
1472,47.64822769165039
1473,47.54867935180664
1474,47.47160720825195
1475,46.52336120605469
1476,47.056312561035156
1477,48.28107833862305
1478,47.235984802246094
1479,49.39748001098633
1480,47.3017578125
1481,47.08013153076172
1482,48.0190315246582
1483,47.786643981933594
1484,48.09196472167969
1485,52.35240936279297
1486,49.64423370361328
1487,46.27129364013672
1488,47.17073440551758
1489,48.040924072265625
1490,49.235904693603516
1491,46.643795013427734
1492,46.87866973876953
1493,49.16728591918945
1494,46.65922927856445
1495,46.64974594116211
1496,50.22543716430664
1497,47.353973388671875
1498,50.48883819580078
1499,48.241607666015625
1500,49.24901580810547
1501,46.741004943847656
1502,48.149715423583984
1503,47.092506408691406
1504,46.43096923828125
1505,48.794578552246094
1506,50.15914535522461
1507,49.24909591674805
1508,43.40477752685547
1509,51.10909652709961
1510,49.16756057739258
1511,49.822669982910156
1512,39.406227111816406
1513,42.624778747558594
1514,40.28042984008789
1515,38.3747444152832
1516,41.88688659667969
1517,43.09333419799805
1518,43.08519744873047
1519,41.84764862060547
1520,41.415740966796875
1521,39.807281494140625
1522,37.626399993896484
1523,39.3519401550293
1524,40.27275085449219
1525,41.29488754272461
1526,42.00460433959961
1527,43.343563079833984
1528,41.77112579345703
1529,38.014774322509766
1530,38.68068313598633
1531,41.25834274291992
1532,39.45029830932617
1533,40.95921325683594
1534,45.45149612426758
1535,42.11068344116211
1536,39.70347213745117
1537,41.87451934814453
1538,42.530906677246094
1539,43.51425552368164
1540,37.03790283203125
1541,43.52292251586914
1542,41.168113708496094
1543,40.72562789916992
1544,39.7225227355957
1545,41.00521469116211
1546,40.51921081542969
1547,36.42513656616211
1548,39.661170959472656
1549,38.44420623779297
1550,40.27425003051758
1551,43.62261962890625
1552,38.64833068847656
1553,45.091426849365234
1554,36.420291900634766
1555,39.21659469604492
1556,42.27260208129883
1557,38.301578521728516
1558,40.42298126220703
1559,38.94108581542969
1560,42.63047790527344
1561,39.367347717285156
1562,40.26139831542969
1563,40.37813186645508
1564,41.844970703125
1565,41.92033386230469
1566,45.3320426940918
1567,40.1879768371582
1568,44.300880432128906
1569,39.41914749145508
1570,41.58510971069336
1571,42.14524841308594
1572,42.80914306640625
1573,42.975460052490234
1574,42.77963638305664
1575,44.48649978637695
1576,44.2454948425293
1577,43.93269729614258
1578,47.05445861816406
1579,40.74624252319336
1580,40.32931137084961
1581,41.424339294433594
1582,37.02771759033203
1583,40.22385787963867
1584,37.6567497253418
1585,43.52141189575195
1586,41.9134521484375
1587,42.40983200073242
1588,44.329158782958984
1589,41.33919143676758
1590,39.00144577026367
1591,38.5850715637207
1592,41.38234329223633
1593,41.82439422607422
1594,42.488563537597656
1595,42.2379035949707
1596,40.85080337524414
1597,41.15593719482422
1598,43.50888442993164
1599,42.61294937133789
1600,37.436180114746094
1601,41.21433639526367
1602,40.05369567871094
1603,38.91909408569336
1604,40.64472961425781
1605,44.11455535888672
1606,41.76265335083008
1607,43.69038391113281
1608,41.46429443359375
1609,43.35000991821289
1610,41.351036071777344
1611,44.50179672241211
1612,41.243064880371094
1613,46.37874221801758
1614,42.82849884033203
1615,42.01207733154297
1616,40.70914077758789
1617,44.77755355834961
1618,43.70048522949219
1619,45.20014953613281
1620,41.24165725708008
1621,39.67818832397461
1622,43.32798385620117
1623,40.483463287353516
1624,41.797264099121094
1625,43.03022384643555
1626,44.158485412597656
1627,41.84623718261719
1628,43.64282989501953
1629,42.13237762451172
1630,38.394264221191406
1631,40.64318084716797
1632,42.565086364746094
1633,36.24596405029297
1634,43.59918975830078
1635,41.6612434387207
1636,40.0840950012207
1637,44.559513092041016
1638,38.682411193847656
1639,39.98835372924805
1640,35.96505355834961
1641,40.997589111328125
1642,41.59416198730469
1643,43.530086517333984
1644,41.84202575683594
1645,40.06174850463867
1646,41.27692794799805
1647,40.96320343017578
1648,41.66708755493164
1649,41.69635009765625
1650,41.49687957763672
1651,43.07900619506836
1652,42.29508590698242
1653,45.1400146484375
1654,42.6348762512207
1655,38.88167190551758
1656,41.99454116821289
1657,40.972557067871094
1658,42.66187286376953
1659,38.04048156738281
1660,39.74375915527344
1661,44.5093879699707
1662,42.898521423339844
1663,41.57577896118164
1664,41.99869918823242
1665,39.4796257019043
1666,42.675811767578125
1667,41.09962844848633
1668,45.006126403808594
1669,42.07682800292969
1670,44.15818405151367
1671,44.4161491394043
1672,41.58219528198242
1673,44.04500198364258
1674,40.44157028198242
1675,44.047935485839844
1676,40.980186462402344
1677,43.20170593261719
1678,40.11576461791992
1679,45.97684097290039
1680,41.34462356567383
1681,45.41368865966797
1682,45.33824920654297
1683,39.60751724243164
1684,40.50373458862305
1685,44.62599182128906
1686,42.29772186279297
1687,44.3310546875
1688,43.729732513427734
1689,43.62715530395508
1690,41.32079315185547
1691,40.34516906738281
1692,44.169132232666016
1693,42.223846435546875
1694,42.75968933105469
1695,41.48128128051758
1696,46.38722610473633
1697,41.880863189697266
1698,43.63791275024414
1699,42.23124694824219
1700,46.009586334228516
1701,38.19297409057617
1702,39.212181091308594
1703,42.53730392456055
1704,41.28034210205078
1705,40.589637756347656
1706,44.46633529663086
1707,43.22011184692383
1708,42.91282653808594
1709,43.71773147583008
1710,43.11379623413086
1711,37.7677116394043
1712,41.93973922729492
1713,42.298004150390625
1714,43.623592376708984
1715,42.28251647949219
1716,40.942543029785156
1717,40.69881057739258
1718,43.95157241821289
1719,37.44756317138672
1720,45.534671783447266
1721,42.03760528564453
1722,39.471370697021484
1723,41.98060989379883
1724,43.45170211791992
1725,36.051849365234375
1726,37.602500915527344
1727,42.17546081542969
1728,43.15583801269531
1729,41.68535232543945
1730,39.190956115722656
1731,39.243492126464844
1732,41.34239196777344
1733,40.54029083251953
1734,38.01177978515625
1735,40.041648864746094
1736,37.952613830566406
1737,40.57588195800781
1738,42.30423355102539
1739,42.52571487426758
1740,38.324405670166016
1741,38.25010299682617
1742,37.87929153442383
1743,41.85599899291992
1744,43.02219009399414
1745,40.186195373535156
1746,38.84270095825195
1747,41.18960189819336
1748,38.58297348022461
1749,40.88383865356445
1750,39.46101379394531
1751,40.66365432739258
1752,39.70313262939453
1753,41.08297348022461
1754,41.68210220336914
1755,41.26457977294922
1756,42.56093978881836
1757,41.28546905517578
1758,42.71519470214844
1759,41.18308639526367
1760,40.02298355102539
1761,44.05638885498047
1762,39.415870666503906
1763,42.863189697265625
1764,41.60185241699219
1765,41.402008056640625
1766,41.541751861572266
1767,41.98106384277344
1768,44.65578079223633
1769,39.86933135986328
1770,44.881309509277344
1771,40.81535339355469
1772,42.83683776855469
1773,41.056739807128906
1774,40.6557731628418
1775,45.49011993408203
1776,37.802833557128906
1777,40.12397384643555
1778,41.515926361083984
1779,44.407997131347656
1780,42.53217315673828
1781,41.718360900878906
1782,42.757354736328125
1783,39.93968200683594
1784,40.02325439453125
1785,38.793067932128906
1786,41.88478088378906
1787,45.7198371887207
1788,45.26974868774414
1789,41.63330841064453
1790,40.26743698120117
1791,41.17621994018555
1792,44.530025482177734
1793,41.2779426574707
1794,40.843814849853516
1795,43.22907257080078
1796,42.35219192504883
1797,43.381263732910156
1798,40.237457275390625
1799,41.78226852416992
1800,44.77448654174805
1801,39.3232307434082
1802,40.039703369140625
1803,42.159095764160156
1804,41.3689079284668
1805,39.9605827331543
1806,44.31910705566406
1807,43.362545013427734
1808,38.3973274230957
1809,44.23805236816406
1810,43.06174850463867
1811,42.26323318481445
1812,41.174072265625
1813,40.91315841674805
1814,46.72361373901367
1815,37.798221588134766
1816,41.29095458984375
1817,39.47780990600586
1818,36.434814453125
1819,43.99300003051758
1820,44.261844635009766
1821,44.17271423339844
1822,40.78413009643555
1823,41.6965446472168
1824,40.21749496459961
1825,41.29439926147461
1826,39.306827545166016
1827,39.75447082519531
1828,42.06767654418945
1829,39.57378005981445
1830,40.00355529785156
1831,41.86863327026367
1832,40.834205627441406
1833,41.79539489746094
1834,44.13130569458008
1835,40.801578521728516
1836,40.17130661010742
1837,45.66253662109375
1838,41.563011169433594
1839,40.14957046508789
1840,39.97327423095703
1841,38.27516174316406
1842,43.26342010498047
1843,38.93914794921875
1844,42.96403121948242
1845,45.40501022338867
1846,41.08268356323242
1847,42.2466926574707
1848,38.986820220947266
1849,42.58563995361328
1850,43.96617889404297
1851,40.05896759033203
1852,43.76804733276367
1853,42.30773162841797
1854,41.51757049560547
1855,44.07682800292969
1856,42.88959884643555
1857,43.489410400390625
1858,42.762298583984375
1859,42.714420318603516
1860,43.240516662597656
1861,41.98256301879883
1862,39.496917724609375
1863,44.780269622802734
1864,42.04613494873047
1865,43.51665115356445
1866,45.44437789916992
1867,42.88204574584961
1868,41.44865798950195
1869,42.749969482421875
1870,42.176151275634766
1871,41.464054107666016
1872,43.84320831298828
1873,41.4798698425293
1874,38.9873161315918
1875,44.51130676269531
1876,39.65487289428711
1877,48.867218017578125
1878,44.56607437133789
1879,45.73295593261719
1880,41.373748779296875
1881,43.29793167114258
1882,39.53377151489258
1883,43.06026077270508
1884,42.349639892578125
1885,43.79219436645508
1886,43.69609832763672
1887,45.77041244506836
1888,41.47675704956055
1889,41.89914321899414
1890,44.08952713012695
1891,41.80543899536133
1892,40.64573669433594
1893,41.16464614868164
1894,45.33980941772461
1895,45.66129684448242
1896,45.57231140136719
1897,41.7272834777832
1898,42.88367462158203
1899,44.008968353271484
1900,41.920318603515625
1901,41.6497802734375
1902,43.5263786315918
1903,39.85702896118164
1904,41.05525207519531
1905,43.80714797973633
1906,45.94710159301758
1907,41.42938232421875
1908,41.7819709777832
1909,41.0535774230957
1910,41.742244720458984
1911,46.48075485229492
1912,40.521018981933594
1913,41.9864616394043
1914,44.730010986328125
1915,45.0318717956543
1916,40.383522033691406
1917,41.097312927246094
1918,37.64702224731445
1919,40.35099792480469
1920,43.342533111572266
1921,42.00498580932617
1922,40.71935272216797
1923,38.65214920043945
1924,41.365814208984375
1925,38.80253601074219
1926,44.401737213134766
1927,41.352657318115234
1928,41.047950744628906
1929,38.57455825805664
1930,40.01565170288086
1931,38.164588928222656
1932,42.37773895263672
1933,43.79850387573242
1934,39.74333190917969
1935,43.121307373046875
1936,40.41267776489258
1937,42.108917236328125
1938,41.076236724853516
1939,39.735435485839844
1940,40.14642333984375
1941,40.476158142089844
1942,41.31001281738281
1943,40.50142288208008
1944,41.531246185302734
1945,42.97751998901367
1946,44.383880615234375
1947,42.66769790649414
1948,40.59562301635742
1949,41.324241638183594
1950,43.14361572265625
1951,42.551971435546875
1952,43.227481842041016
1953,38.51616287231445
1954,41.74428939819336
1955,41.740623474121094
1956,39.54253005981445
1957,43.19462585449219
1958,38.125732421875
1959,42.592620849609375
1960,41.73316955566406
1961,40.26288604736328
1962,42.53023910522461
1963,39.34347152709961
1964,42.10981750488281
1965,38.5235595703125
1966,41.377296447753906
1967,42.622596740722656
1968,43.16091537475586
1969,40.108421325683594
1970,39.7196044921875
1971,38.59395217895508
1972,40.645042419433594
1973,39.207183837890625
1974,43.230472564697266
1975,42.95280456542969
1976,41.417510986328125
1977,39.0896110534668
1978,39.69790267944336
1979,40.028038024902344
1980,39.44594955444336
1981,39.563926696777344
1982,40.88353729248047
1983,42.81753921508789
1984,41.10730743408203
1985,41.870628356933594
1986,42.16304016113281
1987,39.90617370605469
1988,42.361907958984375
1989,39.14512252807617
1990,40.7276496887207
1991,40.312286376953125
1992,42.19192123413086
1993,43.68878936767578
1994,40.62828063964844
1995,41.05435562133789
1996,40.40013885498047
1997,43.11986541748047
1998,41.18943786621094
1999,39.738765716552734
2000,42.81806182861328
2001,39.23969650268555
2002,41.727386474609375
2003,39.705814361572266
2004,39.58552551269531
2005,38.16868591308594
2006,41.8528938293457
2007,41.75226974487305
2008,42.53782653808594
2009,41.3961296081543
2010,41.87702178955078
2011,42.93851852416992
2012,39.73068618774414
2013,42.56330108642578
2014,40.56275939941406
2015,38.4490966796875
2016,42.875301361083984
2017,45.06406021118164
2018,39.6748161315918
2019,39.78876876831055
2020,42.41596984863281
2021,38.31410598754883
2022,42.470577239990234
2023,39.70814514160156
2024,40.653018951416016
2025,43.75844192504883
2026,44.38775634765625
2027,41.88314437866211
2028,40.05996322631836
2029,39.941951751708984
2030,39.956031799316406
2031,41.125057220458984
2032,39.197959899902344
2033,39.3261604309082
2034,38.16007995605469
2035,43.59272384643555
2036,44.16106033325195
2037,37.70142364501953
2038,41.51123809814453
2039,41.63725662231445
2040,39.131568908691406
2041,43.824989318847656
2042,41.32095718383789
2043,40.03201675415039
2044,44.45264434814453
2045,39.0307502746582
2046,40.28026580810547
2047,39.74701690673828
2048,39.386451721191406
2049,44.419315338134766
2050,42.67656326293945
2051,42.38584518432617
2052,41.88713836669922
2053,39.954715728759766
2054,42.62924575805664
2055,42.260765075683594
2056,40.89563751220703
2057,42.55332946777344
2058,40.009033203125
2059,41.50398254394531
2060,42.20673370361328
2061,42.642539978027344
2062,40.46485900878906
2063,41.441226959228516
2064,42.8374137878418
2065,41.29054641723633
2066,41.300926208496094
2067,41.03813552856445
2068,41.40800857543945
2069,40.693241119384766
2070,37.603057861328125
2071,40.884029388427734
2072,40.75535202026367
2073,38.26629638671875
2074,41.959449768066406
2075,41.89546203613281
2076,45.662620544433594
2077,42.28007888793945
2078,38.94356918334961
2079,43.72630310058594
2080,46.05554962158203
2081,42.15556335449219
2082,40.1604118347168
2083,39.7948112487793
2084,36.07244873046875
2085,41.795982360839844
2086,41.693641662597656
2087,39.5360221862793
2088,39.166133880615234
2089,43.30194091796875
2090,40.18452453613281
2091,41.44915008544922
2092,40.21394729614258
2093,40.227909088134766
2094,41.966575622558594
2095,38.6780891418457
2096,42.596588134765625
2097,40.21916580200195
2098,40.02396774291992
2099,43.50434875488281
2100,38.58123016357422
2101,40.13615036010742
2102,42.95002365112305
2103,40.30009078979492
2104,41.42534637451172
2105,39.774200439453125
2106,40.82664489746094
2107,40.19856262207031
2108,34.95807647705078
2109,40.30745315551758
2110,39.83159255981445
2111,42.232303619384766
2112,40.9325065612793
2113,42.89017868041992
2114,40.512081146240234
2115,41.10594940185547
2116,40.40713119506836
2117,42.2647819519043
2118,42.94943618774414
2119,40.82064437866211
2120,43.55147933959961
2121,41.30634307861328
2122,41.93225860595703
2123,43.4099235534668
2124,43.35563278198242
2125,45.771907806396484
2126,42.94910430908203
2127,38.636985778808594
2128,41.29231262207031
2129,43.063453674316406
2130,41.270137786865234
2131,41.77849578857422
2132,38.89292526245117
2133,41.618221282958984
2134,40.67220687866211
2135,41.04014587402344
2136,42.458492279052734
2137,43.071773529052734
2138,42.510101318359375
2139,41.06497573852539
2140,39.33746337890625
2141,45.54154968261719
2142,41.97556686401367
2143,36.884578704833984
2144,42.90479278564453
2145,43.527000427246094
2146,45.24508285522461
2147,40.530723571777344
2148,41.30522155761719
2149,43.8217887878418
2150,39.9515380859375
2151,39.471317291259766
2152,42.17870330810547
2153,40.329200744628906
2154,43.58321762084961
2155,41.36949157714844
2156,43.559608459472656
2157,41.3410530090332
2158,39.07185745239258
2159,42.90998077392578
2160,42.930782318115234
2161,43.00067138671875
2162,40.736751556396484
2163,42.719146728515625
2164,42.62856674194336
2165,41.876075744628906
2166,40.30942916870117
2167,41.71916580200195
2168,42.52667236328125
2169,40.77145767211914
2170,43.10098648071289
2171,41.09967041015625
2172,43.813907623291016
2173,43.709903717041016
2174,38.009986877441406
2175,43.5964241027832
2176,39.381385803222656
2177,41.77072525024414
2178,40.67890167236328
2179,37.00931167602539
2180,41.48350143432617
2181,43.354190826416016
2182,43.8756217956543
2183,40.9653434753418
2184,39.509273529052734
2185,43.83523941040039
2186,39.21824264526367
2187,38.847434997558594
2188,38.9561882019043
2189,43.60849380493164
2190,41.02196502685547
2191,42.12614822387695
2192,42.22819519042969
2193,38.468971252441406
2194,42.35487747192383
2195,45.295684814453125
2196,41.504234313964844
2197,42.781375885009766
2198,40.83839416503906
2199,39.20819091796875
2200,41.53615951538086
2201,42.63422393798828
2202,42.678138732910156
2203,41.699642181396484
2204,41.62428665161133
2205,39.10869216918945
2206,43.07121276855469
2207,40.79957580566406
2208,39.87932586669922
2209,40.713905334472656
2210,41.360130310058594
2211,43.455963134765625
2212,42.07441329956055
2213,42.481353759765625
2214,43.73130798339844
2215,41.21904754638672
2216,42.52592849731445
2217,38.05573272705078
2218,38.940921783447266
2219,41.30850601196289
2220,43.794246673583984
2221,45.86415100097656
2222,40.96395492553711
2223,40.313873291015625
2224,40.44231414794922
2225,39.68471145629883
2226,39.874664306640625
2227,39.36146545410156
2228,42.504310607910156
2229,39.51371765136719
2230,43.3579216003418
2231,38.55934143066406
2232,41.200862884521484
2233,44.561737060546875
2234,38.24340057373047
2235,40.853904724121094
2236,41.60520553588867
2237,42.864105224609375
2238,42.962581634521484
2239,39.90658187866211
2240,41.96356201171875
2241,40.995121002197266
2242,41.090614318847656
2243,42.0836067199707
2244,42.45896530151367
2245,41.06966018676758
2246,43.79774475097656
2247,44.86423873901367
2248,43.741390228271484
2249,39.88371276855469
2250,45.1446533203125
2251,41.68421936035156
2252,41.137474060058594
2253,41.66001510620117
2254,39.688926696777344
2255,40.667022705078125
2256,41.891944885253906
2257,40.83468246459961
2258,44.954673767089844
2259,38.692195892333984
2260,43.603790283203125
2261,40.21790313720703
2262,39.81282043457031
2263,41.271183013916016
2264,44.02739715576172
2265,41.300758361816406
2266,40.45993423461914
2267,41.049747467041016
2268,36.388431549072266
2269,41.056217193603516
2270,42.60747528076172
2271,39.659324645996094
2272,40.486637115478516
2273,38.49161148071289
2274,40.46198654174805
2275,41.14268112182617
2276,39.24470138549805
2277,40.18490982055664
2278,39.066776275634766
2279,39.77412796020508
2280,37.79288864135742
2281,40.87504577636719
2282,39.13713073730469
2283,41.23408889770508
2284,40.32994079589844
2285,43.44947814941406
2286,41.560707092285156
2287,46.11067199707031
2288,41.83997344970703
2289,43.86477279663086
2290,46.57833480834961
2291,40.394317626953125
2292,41.606483459472656
2293,39.7107048034668
2294,43.25580596923828
2295,39.587406158447266
2296,45.210044860839844
2297,39.448368072509766
2298,41.09124755859375
2299,38.6060791015625
2300,41.07115936279297
2301,41.61053466796875
2302,42.623077392578125
2303,42.14698791503906
2304,42.7165641784668
2305,44.191749572753906
2306,40.179039001464844
2307,41.54738235473633
2308,40.89421844482422
2309,36.92751693725586
2310,40.15773010253906
2311,40.983158111572266
2312,41.61247253417969
2313,40.79486083984375
2314,41.42491912841797
2315,40.00356674194336
2316,45.47886657714844
2317,41.362098693847656
2318,38.36680221557617
2319,40.43573760986328
2320,41.18780517578125
2321,42.705039978027344
2322,42.34374237060547
2323,43.35375213623047
2324,41.66993713378906
2325,40.01369857788086
2326,43.15252685546875
2327,39.0313720703125
2328,39.68046951293945
2329,38.50806427001953
2330,41.69174575805664
2331,41.74367904663086
2332,40.85024642944336
2333,41.88816833496094
2334,39.20411682128906
2335,42.164215087890625
2336,41.4932746887207
2337,39.481319427490234
2338,42.09024429321289
2339,40.94047546386719
2340,40.03136444091797
2341,42.38888168334961
2342,44.813175201416016
2343,44.49370193481445
2344,46.54656219482422
2345,45.47553253173828
2346,41.92144775390625
2347,39.14537811279297
2348,38.957374572753906
2349,45.92643356323242
2350,38.89838409423828
2351,39.04946517944336
2352,41.063507080078125
2353,41.902652740478516
2354,43.667049407958984
2355,39.69026184082031
2356,43.14551544189453
2357,43.11540603637695
2358,44.319881439208984
2359,39.1893424987793
2360,43.37839889526367
2361,41.64768600463867
2362,40.84332275390625
2363,38.15040588378906
2364,43.53276062011719
2365,41.77168273925781
2366,41.66230392456055
2367,43.26519775390625
2368,40.339054107666016
2369,39.91629409790039
2370,38.91985321044922
2371,42.92074966430664
2372,39.22422790527344
2373,39.754608154296875
2374,40.97090148925781
2375,42.885032653808594
2376,42.714786529541016
2377,41.16145706176758
2378,42.374237060546875
2379,43.4610595703125
2380,43.10107421875
2381,42.764976501464844
2382,39.71202850341797
2383,38.14691162109375
2384,44.92139434814453
2385,42.19672393798828
2386,39.502593994140625
2387,41.59832000732422
2388,41.314239501953125
2389,42.00934982299805
2390,43.1124267578125
2391,43.01156234741211
2392,42.33926773071289
2393,42.06149673461914
2394,41.055973052978516
2395,41.274940490722656
2396,42.91233825683594
2397,38.5555419921875
2398,41.121578216552734
2399,40.37351608276367
2400,38.37290573120117
2401,45.071861267089844
2402,39.027584075927734
2403,43.17633056640625
2404,41.62315368652344
2405,36.47792053222656
2406,40.105712890625
2407,41.017181396484375
2408,45.12306594848633
2409,40.6402587890625
2410,43.56829833984375
2411,39.87761688232422
2412,41.080162048339844
2413,38.779502868652344
2414,41.06509017944336
2415,42.12443161010742
2416,41.0285758972168
2417,39.9527473449707
2418,39.276554107666016
2419,42.966697692871094
2420,44.18644714355469
2421,45.140689849853516
2422,42.633243560791016
2423,40.858123779296875
2424,43.144954681396484
2425,41.089176177978516
2426,39.69123840332031
2427,41.038700103759766
2428,37.84028244018555
2429,41.77232360839844
2430,41.175193786621094
2431,39.91392517089844
2432,42.326683044433594
2433,43.5453987121582
2434,42.021568298339844
2435,45.10150909423828
2436,43.039894104003906
2437,40.53684997558594
2438,42.7171630859375
2439,42.458152770996094
2440,37.966800689697266
2441,40.515052795410156
2442,41.314090728759766
2443,43.836883544921875
2444,40.50047302246094
2445,39.56869888305664
2446,42.96134567260742
2447,44.04417037963867
2448,43.22402572631836
2449,42.55504608154297
2450,41.61160659790039
2451,39.800628662109375
2452,42.280487060546875
2453,41.96182632446289
2454,44.58366394042969
2455,41.46043014526367
2456,42.635128021240234
2457,40.9667854309082
2458,43.3043327331543
2459,43.53474426269531
2460,43.185848236083984
2461,42.1328239440918
2462,41.1533203125
2463,42.68754577636719
2464,44.21218490600586
2465,40.9688606262207
2466,42.14087677001953
2467,41.16464614868164
2468,44.43430709838867
2469,36.254878997802734
2470,44.52286148071289
2471,41.677364349365234
2472,40.604461669921875
2473,44.65702819824219
2474,42.70669174194336
2475,41.94704055786133
2476,43.06668472290039
2477,40.86396026611328
2478,45.638580322265625
2479,42.74704360961914
2480,45.764564514160156
2481,40.43706130981445
2482,41.704612731933594
2483,40.142677307128906
2484,42.583587646484375
2485,40.32639694213867
2486,43.71693801879883
2487,39.68840408325195
2488,41.4753532409668
2489,42.60958480834961
2490,40.776206970214844
2491,41.38612747192383
2492,41.16408920288086
2493,41.05503463745117
2494,39.88370132446289
2495,39.6865119934082
2496,42.78375244140625
2497,42.1568603515625
2498,41.29562759399414
2499,38.69554901123047
2500,42.624027252197266
2501,44.902687072753906
2502,44.15727996826172
2503,46.55208206176758
2504,38.740997314453125
2505,46.696258544921875
2506,43.65883255004883
2507,49.53563690185547
2508,42.83969497680664
2509,45.33973693847656
2510,46.69105911254883
2511,44.52486038208008
2512,42.99514389038086
2513,41.47624969482422
2514,43.83644485473633
2515,42.77012634277344
2516,38.998207092285156
2517,40.55081558227539
2518,40.7884521484375
2519,38.1285285949707
2520,45.53223419189453
2521,42.26857376098633
2522,41.76437759399414
2523,41.7880744934082
2524,42.77178955078125
2525,42.70564651489258
2526,40.94803237915039
2527,40.58046340942383
2528,41.6905517578125
2529,39.126075744628906
2530,42.27094268798828
2531,39.76235580444336
2532,39.29340744018555
2533,44.68141174316406
2534,45.20454025268555
2535,40.92428207397461
2536,38.70956802368164
2537,41.326908111572266
2538,41.13145446777344
2539,41.35414123535156
2540,39.427879333496094
2541,39.20829772949219
2542,38.74825668334961
2543,43.7238883972168
2544,44.69084548950195
2545,39.548736572265625
2546,36.64582443237305
2547,42.62207794189453
2548,38.57549285888672
2549,40.91566848754883
2550,38.58580780029297
2551,47.494415283203125
2552,39.64912796020508
2553,37.8719367980957
2554,41.61227798461914
2555,38.66276168823242
2556,43.58686447143555
2557,43.18738555908203
2558,43.82954406738281
2559,41.0557746887207
2560,37.704097747802734
2561,42.73347091674805
2562,41.458003997802734
2563,40.34100341796875
2564,42.02434539794922
2565,43.859500885009766
2566,38.489105224609375
2567,41.396976470947266
2568,43.83074188232422
2569,39.8565788269043
2570,42.15773391723633
2571,39.48584747314453
2572,42.535274505615234
2573,40.709739685058594
2574,40.0951042175293
2575,40.2437629699707
2576,38.374168395996094
2577,40.67809295654297
2578,39.3703498840332
2579,36.80080795288086
2580,38.76834487915039
2581,46.14008331298828
2582,37.28973388671875
2583,38.2091064453125
2584,39.079742431640625
2585,44.852291107177734
2586,37.534385681152344
2587,42.58061218261719
2588,38.04000473022461
2589,40.99324035644531
2590,37.088462829589844
2591,43.54563903808594
2592,40.699241638183594
2593,43.421119689941406
2594,38.25977325439453
2595,37.13827133178711
2596,42.12000274658203
2597,43.41974639892578
2598,39.63948440551758
2599,43.88081741333008
2600,43.56265640258789
2601,40.5447998046875
2602,41.66783142089844
2603,39.45597839355469
2604,39.63142776489258
2605,37.06134033203125
2606,39.804649353027344
2607,37.64177322387695
2608,41.163082122802734
2609,40.031192779541016
2610,42.98672103881836
2611,37.438724517822266
2612,41.0070915222168
2613,37.53001022338867
2614,40.85498809814453
2615,44.15875244140625
2616,39.201419830322266
2617,42.295555114746094
2618,40.57460403442383
2619,38.698097229003906
2620,39.74367141723633
2621,44.63435745239258
2622,40.704952239990234
2623,37.5840950012207
2624,40.38986587524414
2625,37.899696350097656
2626,41.90754318237305
2627,40.81753158569336
2628,41.55268859863281
2629,42.478843688964844
2630,41.93758010864258
2631,37.29291915893555
2632,41.09680938720703
2633,41.07957458496094
2634,36.366737365722656
2635,42.70708465576172
2636,39.943206787109375
2637,44.432865142822266
2638,37.91452407836914
2639,38.62367248535156
2640,38.9188232421875
2641,40.414817810058594
2642,41.94304275512695
2643,42.4103889465332
2644,42.49342346191406
2645,43.364662170410156
2646,42.31362533569336
2647,41.458251953125
2648,40.05586624145508
2649,42.27526092529297
2650,41.41852569580078
2651,38.71973419189453
2652,35.61639404296875
2653,38.049339294433594
2654,41.33452224731445
2655,41.81380081176758
2656,41.226417541503906
2657,37.608280181884766
2658,42.2275505065918
2659,43.03535079956055
2660,40.40468215942383
2661,36.773216247558594
2662,42.02837371826172
2663,38.963096618652344
2664,42.38689041137695
2665,42.18953323364258
2666,41.81266784667969
2667,43.071868896484375
2668,38.54262161254883
2669,44.178470611572266
2670,41.7908821105957
2671,41.266815185546875
2672,44.432125091552734
2673,37.1467399597168
2674,42.87137222290039
2675,37.52609634399414
2676,38.07304382324219
2677,43.65900802612305
2678,41.935302734375
2679,39.8854866027832
2680,39.36915969848633
2681,39.88795852661133
2682,39.8360595703125
2683,38.92182159423828
2684,42.40042495727539
2685,38.0981559753418
2686,42.07489776611328
2687,41.93488693237305
2688,36.80231857299805
2689,40.62278747558594
2690,41.62708282470703
2691,43.91643142700195
2692,44.60727310180664
2693,45.81462478637695
2694,41.76301574707031
2695,43.43037414550781
2696,41.94385528564453
2697,38.755863189697266
2698,39.91762924194336
2699,38.614112854003906
2700,46.63325881958008
2701,43.369476318359375
2702,43.73077392578125
2703,40.02288818359375
2704,42.158626556396484
2705,45.22331237792969
2706,43.81550598144531
2707,42.34515380859375
2708,44.150604248046875
2709,42.01980972290039
2710,41.18715286254883
2711,38.740962982177734
2712,41.421512603759766
2713,38.090972900390625
2714,40.27818298339844
2715,40.33440017700195
2716,43.50532150268555
2717,45.664363861083984
2718,41.83262634277344
2719,42.833038330078125
2720,43.322322845458984
2721,40.12155532836914
2722,43.56296157836914
2723,41.74188995361328
2724,41.26956558227539
2725,40.84075927734375
2726,43.054237365722656
2727,44.342220306396484
2728,46.22980880737305
2729,42.80131149291992
2730,39.69871139526367
2731,41.00602340698242
2732,37.05171585083008
2733,40.741275787353516
2734,44.010955810546875
2735,39.44703674316406
2736,40.455448150634766
2737,41.44245910644531
2738,43.036617279052734
2739,37.44710159301758
2740,39.30950164794922
2741,40.58889389038086
2742,42.941444396972656
2743,39.840476989746094
2744,41.22334289550781
2745,43.68596649169922
2746,37.34803771972656
2747,36.50550842285156
2748,41.15389633178711
2749,43.4926872253418
2750,41.99959182739258
2751,39.99769592285156
2752,40.05527877807617
2753,40.65771484375
2754,40.55324935913086
2755,43.08085250854492
2756,41.63447189331055
2757,40.38908004760742
2758,39.37431335449219
2759,41.56171798706055
2760,40.87468719482422
2761,42.73288345336914
2762,38.8028564453125
2763,39.763893127441406
2764,41.59001922607422
2765,41.50117874145508
2766,41.69724655151367
2767,41.71913146972656
2768,40.675254821777344
2769,35.739227294921875
2770,36.11500549316406
2771,37.042877197265625
2772,42.26910400390625
2773,38.986488342285156
2774,36.14003372192383
2775,40.12411880493164
2776,44.199222564697266
2777,43.231689453125
2778,42.32057571411133
2779,44.013816833496094
2780,40.92034912109375
2781,42.12364959716797
2782,43.214263916015625
2783,43.82802200317383
2784,44.12689208984375
2785,44.85791778564453
2786,40.735313415527344
2787,39.86922073364258
2788,40.20612335205078
2789,41.42966079711914
2790,42.30867004394531
2791,41.93479919433594
2792,41.21495056152344
2793,44.498294830322266
2794,39.34646987915039
2795,39.96390151977539
2796,40.66730880737305
2797,40.24604034423828
2798,41.19294357299805
2799,42.587928771972656
2800,42.00204849243164
2801,38.549137115478516
2802,38.7947998046875
2803,39.37604522705078
2804,46.04661178588867
2805,42.000919342041016
2806,45.659854888916016
2807,41.22336959838867
2808,40.647335052490234
2809,42.55345153808594
2810,39.776885986328125
2811,39.125205993652344
2812,36.91424560546875
2813,39.7499885559082
2814,39.46958923339844
2815,41.034324645996094
2816,40.57530212402344
2817,40.15225601196289
2818,44.28289794921875
2819,39.466156005859375
2820,42.685096740722656
2821,36.46286392211914
2822,43.33574295043945
2823,42.261497497558594
2824,41.6650276184082
2825,43.27716827392578
2826,41.4080696105957
2827,38.30014419555664
2828,43.568260192871094
2829,45.03483963012695
2830,41.534114837646484
2831,39.479576110839844
2832,39.285682678222656
2833,44.93556213378906
2834,39.61650848388672
2835,40.03097152709961
2836,39.992916107177734
2837,43.22792053222656
2838,42.65713119506836
2839,41.08903121948242
2840,39.55576705932617
2841,43.19681167602539
2842,40.061275482177734
2843,44.52028274536133
2844,42.754878997802734
2845,36.53691482543945
2846,36.702537536621094
2847,38.853111267089844
2848,42.062232971191406
2849,42.047149658203125
2850,42.88793182373047
2851,39.88328552246094
2852,40.40126037597656
2853,35.962093353271484
2854,38.990020751953125
2855,42.00707244873047
2856,38.698638916015625
2857,40.34364700317383
2858,40.142887115478516
2859,39.970096588134766
2860,40.30732727050781
2861,42.21818161010742
2862,40.750038146972656
2863,40.65789794921875
2864,42.96295166015625
2865,41.516395568847656
2866,40.53657913208008
2867,46.22470474243164
2868,40.21494674682617
2869,39.92156982421875
2870,42.501190185546875
2871,43.56096649169922
2872,40.79630661010742
2873,39.634239196777344
2874,40.81499099731445
2875,37.71200180053711
2876,40.82068634033203
2877,43.3254280090332
2878,43.1126708984375
2879,38.747650146484375
2880,41.07555389404297
2881,42.266754150390625
2882,41.30870056152344
2883,39.393035888671875
2884,43.466522216796875
2885,40.756858825683594
2886,39.27802658081055
2887,39.7675895690918
2888,40.63591003417969
2889,40.84806823730469
2890,41.82978820800781
2891,37.926780700683594
2892,40.057525634765625
2893,36.92049026489258
2894,38.139549255371094
2895,40.4098014831543
2896,39.54947280883789
2897,41.205230712890625
2898,41.806095123291016
2899,38.18486785888672
2900,44.74259567260742
2901,39.574989318847656
2902,40.10786819458008
2903,41.7752799987793
2904,41.5406379699707
2905,41.73375701904297
2906,40.90361022949219
2907,42.48250961303711
2908,44.0994987487793
2909,42.57082748413086
2910,41.834312438964844
2911,40.41264343261719
2912,41.530723571777344
2913,43.53173065185547
2914,39.65776062011719
2915,45.152835845947266
2916,41.746280670166016
2917,42.51027297973633
2918,44.267494201660156
2919,40.81403732299805
2920,39.27872848510742
2921,43.57828140258789
2922,40.483638763427734
2923,42.882118225097656
2924,38.50177001953125
2925,38.91840744018555
2926,42.58842086791992
2927,40.851593017578125
2928,40.261375427246094
2929,40.42369842529297
2930,39.691287994384766
2931,43.022884368896484
2932,39.16510009765625
2933,40.77366256713867
2934,40.37518310546875
2935,41.16940689086914
2936,39.791934967041016
2937,41.972496032714844
2938,39.438255310058594
2939,40.91472625732422
2940,40.72590637207031
2941,41.901546478271484
2942,39.54416275024414
2943,39.76194381713867
2944,40.339141845703125
2945,39.79774856567383
2946,40.22869110107422
2947,41.40465545654297
2948,39.967185974121094
2949,43.025997161865234
2950,42.611328125
2951,39.120933532714844
2952,42.76689147949219
2953,38.688079833984375
2954,40.88269805908203
2955,40.27033996582031
2956,39.99600601196289
2957,39.47151565551758
2958,45.21799850463867
2959,44.19913864135742
2960,40.4881477355957
2961,43.48160934448242
2962,38.2328987121582
2963,39.68503952026367
2964,43.13166046142578
2965,39.82074737548828
2966,37.23846435546875
2967,40.05644989013672
2968,44.364322662353516
2969,45.45884704589844
2970,44.91510772705078
2971,43.31067657470703
2972,39.673362731933594
2973,38.52885055541992
2974,42.96627426147461
2975,39.54543685913086
2976,38.55632019042969
2977,36.875144958496094
2978,39.62392807006836
2979,36.19050598144531
2980,36.65859603881836
2981,41.07636260986328
2982,41.21299743652344
2983,44.55601119995117
2984,40.39764404296875
2985,45.719703674316406
2986,39.804039001464844
2987,43.298492431640625
2988,45.3072509765625
2989,39.08778381347656
2990,38.611534118652344
2991,36.4171257019043
2992,41.07239532470703
2993,36.54397201538086
2994,42.04006576538086
2995,38.103145599365234
2996,40.73539733886719
2997,38.11375045776367
2998,35.05430221557617
2999,45.455474853515625
3000,40.149566650390625
3001,41.49217224121094
3002,41.716529846191406
3003,39.232269287109375
3004,37.946495056152344
3005,37.88454055786133
3006,39.4783935546875
3007,35.13871765136719
3008,36.09783172607422
3009,37.39177703857422
3010,36.668209075927734
3011,41.47630310058594
3012,34.61014175415039
3013,39.22216796875
3014,40.96247482299805
3015,35.960304260253906
3016,39.183448791503906
3017,37.79074478149414
3018,35.40194320678711
3019,39.80585479736328
3020,37.926395416259766
3021,36.866058349609375
3022,35.211307525634766
3023,39.978118896484375
3024,37.16938781738281
3025,40.70663070678711
3026,36.457763671875
3027,38.03439712524414
3028,38.93914031982422
3029,41.10060501098633
3030,36.95296859741211
3031,36.49530029296875
3032,33.708160400390625
3033,38.630001068115234
3034,35.974246978759766
3035,39.87015914916992
3036,37.172691345214844
3037,36.21383285522461
3038,42.176170349121094
3039,38.211734771728516
3040,34.70003890991211
3041,35.637821197509766
3042,36.91020965576172
3043,37.46854782104492
3044,36.793609619140625
3045,37.34984588623047
3046,37.752628326416016
3047,40.1115837097168
3048,36.158546447753906
3049,37.179473876953125
3050,37.938201904296875
3051,34.83211898803711
3052,37.663818359375
3053,39.87195587158203
3054,37.090660095214844
3055,35.71390151977539
3056,36.71454620361328
3057,34.50120544433594
3058,36.644264221191406
3059,37.404293060302734
3060,39.36906051635742
3061,38.404422760009766
3062,37.84413146972656
3063,36.424415588378906
3064,36.66774368286133
3065,37.685577392578125
3066,37.864437103271484
3067,40.65800094604492
3068,36.64531707763672
3069,40.75480270385742
3070,37.38138961791992
3071,37.9124870300293
3072,37.29192352294922
3073,37.30536651611328
3074,36.80689239501953
3075,39.47934341430664
3076,37.99822235107422
3077,39.28086853027344
3078,38.10206985473633
3079,37.47777557373047
3080,37.49813461303711
3081,38.554256439208984
3082,37.55774688720703
3083,35.994293212890625
3084,37.24650192260742
3085,36.19857406616211
3086,41.35173034667969
3087,36.04316329956055
3088,39.507041931152344
3089,38.916439056396484
3090,35.2813720703125
3091,39.40538787841797
3092,42.3010368347168
3093,37.43832015991211
3094,37.04371643066406
3095,37.799041748046875
3096,39.775596618652344
3097,39.506534576416016
3098,39.13942337036133
3099,39.602542877197266
3100,37.55402755737305
3101,40.702239990234375
3102,37.92528533935547
3103,35.778499603271484
3104,37.88882064819336
3105,39.96764373779297
3106,39.600582122802734
3107,36.9814453125
3108,33.34177017211914
3109,36.89282989501953
3110,35.66814422607422
3111,36.67262268066406
3112,37.47691345214844
3113,36.661590576171875
3114,39.63023376464844
3115,38.920799255371094
3116,35.5480842590332
3117,38.39530944824219
3118,34.73535919189453
3119,36.14076614379883
3120,35.72365951538086
3121,34.1179084777832
3122,34.958126068115234
3123,38.22880172729492
3124,36.17448806762695
3125,37.08049011230469
3126,36.08181381225586
3127,33.98975372314453
3128,36.35294723510742
3129,35.92726516723633
3130,36.810916900634766
3131,36.97916793823242
3132,39.009944915771484
3133,38.384010314941406
3134,36.841312408447266
3135,38.180267333984375
3136,32.48843002319336
3137,36.67035675048828
3138,39.7365608215332
3139,38.34554672241211
3140,36.58243942260742
3141,37.17806625366211
3142,37.19147491455078
3143,40.78752899169922
3144,38.46176528930664
3145,37.2581787109375
3146,40.992366790771484
3147,35.42827224731445
3148,37.15725326538086
3149,38.91978073120117
3150,40.14168167114258
3151,38.65336227416992
3152,39.77863693237305
3153,38.40639877319336
3154,35.23728942871094
3155,36.474308013916016
3156,35.033287048339844
3157,37.86056900024414
3158,33.473121643066406
3159,35.53981018066406
3160,36.4593505859375
3161,36.4974365234375
3162,38.621158599853516
3163,38.561824798583984
3164,38.18785095214844
3165,35.47575378417969
3166,36.88039016723633
3167,39.626861572265625
3168,37.168094635009766
3169,38.76465606689453
3170,34.366207122802734
3171,39.678802490234375
3172,40.66362762451172
3173,36.393863677978516
3174,37.715206146240234
3175,34.820743560791016
3176,37.706809997558594
3177,37.066558837890625
3178,36.987831115722656
3179,35.759361267089844
3180,40.51799011230469
3181,34.277748107910156
3182,39.13199234008789
3183,39.417259216308594
3184,35.29347229003906
3185,36.555545806884766
3186,36.634918212890625
3187,38.429622650146484
3188,38.81270217895508
3189,36.67822265625
3190,36.53927993774414
3191,37.84081268310547
3192,38.915733337402344
3193,37.95512771606445
3194,36.428314208984375
3195,37.1962776184082
3196,39.14699935913086
3197,38.24691390991211
3198,36.961551666259766
3199,40.95769500732422
3200,36.05841827392578
3201,41.63505172729492
3202,36.642391204833984
3203,37.02622985839844
3204,33.35067367553711
3205,39.9711799621582
3206,38.860801696777344
3207,37.09967041015625
3208,34.8665885925293
3209,33.021751403808594
3210,38.037723541259766
3211,35.69023132324219
3212,36.8914680480957
3213,39.107730865478516
3214,36.28601837158203
3215,35.743770599365234
3216,36.28007888793945
3217,34.50508499145508
3218,37.57942199707031
3219,37.67631149291992
3220,37.565513610839844
3221,41.27803421020508
3222,36.06974411010742
3223,41.03284454345703
3224,36.307945251464844
3225,39.687950134277344
3226,37.5047721862793
3227,37.91292953491211
3228,40.60276794433594
3229,38.199092864990234
3230,41.442378997802734
3231,38.92563247680664
3232,38.67510223388672
3233,38.706016540527344
3234,36.66078567504883
3235,39.41215133666992
3236,40.12821960449219
3237,37.48775100708008
3238,36.66294479370117
3239,37.3607292175293
3240,37.159080505371094
3241,38.509761810302734
3242,35.604034423828125
3243,38.75221252441406
3244,38.087894439697266
3245,38.84637451171875
3246,40.02973556518555
3247,36.42543029785156
3248,42.47499084472656
3249,38.4073600769043
3250,34.848602294921875
3251,36.09103775024414
3252,37.65913009643555
3253,39.160186767578125
3254,39.80225372314453
3255,41.93889236450195
3256,38.645896911621094
3257,38.650577545166016
3258,39.75237274169922
3259,39.82588195800781
3260,36.430538177490234
3261,38.272254943847656
3262,38.877349853515625
3263,40.72309494018555
3264,39.201358795166016
3265,38.2772102355957
3266,41.632904052734375
3267,36.71485900878906
3268,39.72292709350586
3269,39.206520080566406
3270,37.193572998046875
3271,38.893699645996094
3272,37.518646240234375
3273,38.59184646606445
3274,37.91533279418945
3275,38.03662109375
3276,43.05713653564453
3277,38.147464752197266
3278,37.22120666503906
3279,37.73457717895508
3280,38.6812629699707
3281,39.555233001708984
3282,37.324886322021484
3283,36.81859588623047
3284,38.675846099853516
3285,35.90156555175781
3286,35.181724548339844
3287,40.422061920166016
3288,35.06048583984375
3289,37.929542541503906
3290,39.39112091064453
3291,36.09206008911133
3292,34.324554443359375
3293,34.24128341674805
3294,36.46923828125
3295,36.29960250854492
3296,35.54417037963867
3297,39.36149978637695
3298,35.07077407836914
3299,34.243282318115234
3300,39.817527770996094
3301,43.513519287109375
3302,37.84393310546875
3303,37.8187255859375
3304,41.349647521972656
3305,37.99721908569336
3306,36.93995666503906
3307,36.8194580078125
3308,37.31291580200195
3309,38.85831832885742
3310,36.152809143066406
3311,37.313560485839844
3312,37.934085845947266
3313,34.789459228515625
3314,35.503997802734375
3315,38.261531829833984
3316,40.231197357177734
3317,39.48030471801758
3318,39.00819778442383
3319,39.82102966308594
3320,37.60867691040039
3321,38.51472854614258
3322,34.65962219238281
3323,34.902748107910156
3324,36.29405212402344
3325,35.6637077331543
3326,37.838592529296875
3327,35.743186950683594
3328,40.2376708984375
3329,36.25367736816406
3330,39.852317810058594
3331,36.75569534301758
3332,37.93832778930664
3333,36.04354476928711
3334,38.30004119873047
3335,36.99357604980469
3336,38.569297790527344
3337,37.24641418457031
3338,35.49431228637695
3339,37.042808532714844
3340,36.602718353271484
3341,38.2118034362793
3342,36.76058578491211
3343,38.06171798706055
3344,39.52674865722656
3345,42.359405517578125
3346,34.94949722290039
3347,36.610721588134766
3348,35.75460433959961
3349,38.552371978759766
3350,38.11357879638672
3351,39.22338104248047
3352,36.799198150634766
3353,37.64632034301758
3354,36.58250427246094
3355,38.476009368896484
3356,39.297271728515625
3357,38.938411712646484
3358,38.585079193115234
3359,39.42550277709961
3360,40.087650299072266
3361,39.00831604003906
3362,39.077186584472656
3363,40.451316833496094
3364,36.70248031616211
3365,35.454078674316406
3366,37.48660659790039
3367,39.597312927246094
3368,38.83646774291992
3369,38.34823226928711
3370,38.30513000488281
3371,37.37789535522461
3372,38.76359558105469
3373,37.99925231933594
3374,41.100914001464844
3375,38.739017486572266
3376,40.51248550415039
3377,37.77035903930664
3378,41.53896713256836
3379,38.178897857666016
3380,37.1405029296875
3381,36.17552185058594
3382,39.31324768066406
3383,33.23308563232422
3384,35.56810760498047
3385,40.569541931152344
3386,38.98357009887695
3387,34.20691680908203
3388,40.7138786315918
3389,36.487796783447266
3390,43.507057189941406
3391,37.546016693115234
3392,38.586029052734375
3393,39.999488830566406
3394,37.508567810058594
3395,41.91549301147461
3396,39.397804260253906
3397,35.687774658203125
3398,35.68037033081055
3399,35.30971908569336
3400,40.36846923828125
3401,38.99974060058594
3402,40.24246597290039
3403,38.852745056152344
3404,37.1262092590332
3405,38.48790740966797
3406,35.582984924316406
3407,40.34194564819336
3408,39.06768035888672
3409,38.48290252685547
3410,39.926902770996094
3411,39.158294677734375
3412,38.30025100708008
3413,34.20078659057617
3414,39.76518630981445
3415,35.5821647644043
3416,38.47868347167969
3417,38.51112365722656
3418,35.821170806884766
3419,41.65762710571289
3420,39.372589111328125
3421,37.46030044555664
3422,37.03654098510742
3423,39.386497497558594
3424,37.67134475708008
3425,37.6068229675293
3426,38.33061599731445
3427,36.66639709472656
3428,37.56419372558594
3429,39.407859802246094
3430,36.70595169067383
3431,40.0547981262207
3432,37.88530349731445
3433,40.04673767089844
3434,40.221797943115234
3435,38.242469787597656
3436,38.30867385864258
3437,41.02471923828125
3438,37.205196380615234
3439,38.5800666809082
3440,40.74477767944336
3441,39.14896011352539
3442,40.053279876708984
3443,38.16433334350586
3444,38.270816802978516
3445,36.710697174072266
3446,37.04663848876953
3447,38.03656005859375
3448,37.922874450683594
3449,36.24106216430664
3450,36.28477096557617
3451,36.32646942138672
3452,33.67940139770508
3453,37.472503662109375
3454,37.04371643066406
3455,37.6416130065918
3456,36.332916259765625
3457,36.92795944213867
3458,37.53656768798828
3459,37.633785247802734
3460,37.91085433959961
3461,39.22773742675781
3462,40.593196868896484
3463,38.55741500854492
3464,35.97315216064453
3465,38.69938659667969
3466,37.56037902832031
3467,38.76445770263672
3468,39.942195892333984
3469,36.12632751464844
3470,39.878883361816406
3471,37.4444694519043
3472,37.626625061035156
3473,38.2630500793457
3474,40.83687210083008
3475,39.841976165771484
3476,38.83693313598633
3477,37.52985763549805
3478,39.72921371459961
3479,39.79961395263672
3480,40.46330642700195
3481,37.44460678100586
3482,37.5805549621582
3483,35.03707504272461
3484,38.370445251464844
3485,39.59767532348633
3486,39.20289611816406
3487,40.16423797607422
3488,38.381412506103516
3489,41.03631591796875
3490,39.38685607910156
3491,41.319313049316406
3492,38.89802932739258
3493,39.34187316894531
3494,36.04676818847656
3495,36.465965270996094
3496,38.55002975463867
3497,35.641597747802734
3498,35.298675537109375
3499,40.79884338378906
3500,41.90970230102539
3501,39.37540054321289
3502,39.604698181152344
3503,37.96470260620117
3504,37.252498626708984
3505,35.316524505615234
3506,37.87289047241211
3507,38.597408294677734
3508,36.75151443481445
3509,41.16613006591797
3510,38.08631896972656
3511,36.548858642578125
3512,36.76228713989258
3513,38.54433059692383
3514,36.60719680786133
3515,39.11301040649414
3516,39.137428283691406
3517,36.739036560058594
3518,40.10905456542969
3519,36.7098388671875
3520,35.255680084228516
3521,35.30884552001953
3522,40.672508239746094
3523,36.7904167175293
3524,37.62678146362305
3525,39.632625579833984
3526,36.963890075683594
3527,38.015262603759766
3528,37.56928634643555
3529,36.944759368896484
3530,40.244102478027344
3531,36.99937057495117
3532,40.83720779418945
3533,36.46706008911133
3534,39.36378479003906
3535,41.28540802001953
3536,38.00247573852539
3537,38.27800369262695
3538,37.4256591796875
3539,37.10664749145508
3540,36.3713264465332
3541,36.185829162597656
3542,38.175636291503906
3543,39.05519485473633
3544,38.82932662963867
3545,38.099910736083984
3546,37.1611328125
3547,34.31584548950195
3548,41.307655334472656
3549,40.7678108215332
3550,37.22438430786133
3551,35.86494827270508
3552,36.49574661254883
3553,38.7650032043457
3554,40.05021286010742
3555,40.84294128417969
3556,37.28165054321289
3557,37.399925231933594
3558,34.485233306884766
3559,38.5443115234375
3560,36.21540832519531
3561,37.53010940551758
3562,38.78895568847656
3563,38.2972526550293
3564,39.96263885498047
3565,40.12045669555664
3566,41.14704132080078
3567,40.975555419921875
3568,36.01594543457031
3569,38.346099853515625
3570,37.46342849731445
3571,36.31165313720703
3572,40.37858581542969
3573,35.8327522277832
3574,36.69264221191406
3575,41.238948822021484
3576,35.95488739013672
3577,38.39661407470703
3578,38.28094482421875
3579,38.794898986816406
3580,37.3388786315918
3581,39.98518371582031
3582,35.4271354675293
3583,39.957733154296875
3584,40.25877380371094
3585,42.081321716308594
3586,38.03542709350586
3587,37.0632209777832
3588,35.19987106323242
3589,35.551082611083984
3590,36.88151550292969
3591,39.19517517089844
3592,33.354923248291016
3593,38.83460235595703
3594,38.77079772949219
3595,40.0289192199707
3596,40.26564407348633
3597,40.17356491088867
3598,38.54047775268555
3599,37.10795974731445
3600,39.0958251953125
3601,38.82398986816406
3602,38.51460647583008
3603,38.171016693115234
3604,37.4810676574707
3605,39.72905349731445
3606,40.46930694580078
3607,39.59629440307617
3608,37.18054962158203
3609,42.54815673828125
3610,37.46485137939453
3611,38.46117401123047
3612,37.87620162963867
3613,38.193084716796875
3614,38.845455169677734
3615,40.008792877197266
3616,37.25028991699219
3617,38.371131896972656
3618,39.08180618286133
3619,38.03666305541992
3620,35.36886978149414
3621,39.4053840637207
3622,39.57925033569336
3623,39.9326171875
3624,38.369632720947266
3625,37.73401641845703
3626,38.849830627441406
3627,36.89193344116211
3628,37.34418869018555
3629,36.92051696777344
3630,36.27178955078125
3631,36.46933364868164
3632,36.171791076660156
3633,37.416133880615234
3634,37.45297622680664
3635,38.729068756103516
3636,39.539005279541016
3637,38.60973358154297
3638,35.38500213623047
3639,38.762969970703125
3640,38.497554779052734
3641,41.42642593383789
3642,39.22553634643555
3643,39.4930305480957
3644,38.00358581542969
3645,37.76523971557617
3646,41.41026306152344
3647,40.72962188720703
3648,38.79706573486328
3649,41.78474807739258
3650,33.67653274536133
3651,38.57365036010742
3652,41.180973052978516
3653,39.79014205932617
3654,39.99225997924805
3655,39.46822738647461
3656,39.13926696777344
3657,38.99508285522461
3658,38.371665954589844
3659,39.7960205078125
3660,37.31806182861328
3661,35.79314422607422
3662,38.51790237426758
3663,37.82373046875
3664,37.2210807800293
3665,35.295867919921875
3666,39.606590270996094
3667,39.014739990234375
3668,36.6613655090332
3669,37.30816650390625
3670,40.22755813598633
3671,39.24546432495117
3672,41.64026641845703
3673,36.762176513671875
3674,39.75727844238281
3675,40.038108825683594
3676,39.494384765625
3677,38.754249572753906
3678,43.095176696777344
3679,37.4795036315918
3680,38.94537353515625
3681,41.55009078979492
3682,39.48676681518555
3683,35.83830642700195
3684,38.52397155761719
3685,36.421939849853516
3686,34.85488510131836
3687,40.91831970214844
3688,37.73089599609375
3689,39.39381790161133
3690,39.334739685058594
3691,38.3475456237793
3692,38.293731689453125
3693,39.861759185791016
3694,36.05767822265625
3695,37.32657241821289
3696,39.87233352661133
3697,37.25379180908203
3698,39.17482376098633
3699,41.52257537841797
3700,39.84401321411133
3701,40.16993713378906
3702,41.397216796875
3703,35.88303756713867
3704,39.953670501708984
3705,40.88864517211914
3706,41.06367111206055
3707,40.73897933959961
3708,37.3763542175293
3709,40.21902084350586
3710,37.69969177246094
3711,38.822444915771484
3712,40.0452880859375
3713,39.84771728515625
3714,37.68899154663086
3715,39.7786979675293
3716,38.318294525146484
3717,39.7429313659668
3718,38.46128845214844
3719,36.4894905090332
3720,37.962120056152344
3721,38.8561897277832
3722,38.087181091308594
3723,38.36747360229492
3724,35.95315933227539
3725,39.20219039916992
3726,35.9715690612793
3727,37.67265319824219
3728,40.08388137817383
3729,35.63773727416992
3730,38.22602844238281
3731,42.509090423583984
3732,39.004764556884766
3733,39.08820343017578
3734,35.69318389892578
3735,36.88016891479492
3736,36.515708923339844
3737,38.33815383911133
3738,35.68662643432617
3739,36.61009216308594
3740,37.99835968017578
3741,35.321712493896484
3742,34.96299743652344
3743,35.06137466430664
3744,35.82740783691406
3745,36.93380355834961
3746,38.913543701171875
3747,40.99003219604492
3748,39.85337448120117
3749,38.73862075805664
3750,40.353675842285156
3751,37.65302276611328
3752,35.51422882080078
3753,39.241973876953125
3754,39.81262969970703
3755,40.990482330322266
3756,36.40947723388672
3757,39.593135833740234
3758,37.21315002441406
3759,37.05233383178711
3760,36.304771423339844
3761,35.80772018432617
3762,39.56514358520508
3763,41.38035583496094
3764,44.84123611450195
3765,35.45635223388672
3766,38.30105209350586
3767,40.63113021850586
3768,40.271942138671875
3769,36.750831604003906
3770,39.448509216308594
3771,36.20353317260742
3772,37.846500396728516
3773,37.43486022949219
3774,38.778846740722656
3775,38.40724563598633
3776,37.8801155090332
3777,37.86060333251953
3778,40.40679168701172
3779,36.06221389770508
3780,36.52738952636719
3781,37.09370803833008
3782,33.192100524902344
3783,41.076419830322266
3784,38.56343460083008
3785,38.29829406738281
3786,38.47412109375
3787,37.94175338745117
3788,35.594146728515625
3789,41.023136138916016
3790,39.380958557128906
3791,37.00281524658203
3792,35.496822357177734
3793,37.142581939697266
3794,37.11166763305664
3795,36.11879348754883
3796,38.32233428955078
3797,38.42289352416992
3798,36.55436706542969
3799,36.83564758300781
3800,40.49551010131836
3801,40.50336456298828
3802,42.60586929321289
3803,38.289512634277344
3804,37.56618118286133
3805,36.31855010986328
3806,36.12223815917969
3807,37.10566711425781
3808,36.17266082763672
3809,36.8554801940918
3810,40.20945739746094
3811,36.66986846923828
3812,39.71321487426758
3813,38.07245635986328
3814,35.499847412109375
3815,38.553497314453125
3816,38.45103073120117
3817,38.445743560791016
3818,37.197845458984375
3819,37.247276306152344
3820,37.7861213684082
3821,38.57461929321289
3822,35.78938674926758
3823,37.19398880004883
3824,37.13572692871094
3825,37.13182830810547
3826,38.5470085144043
3827,37.8730583190918
3828,35.87630081176758
3829,37.656864166259766
3830,37.52482986450195
3831,41.00954818725586
3832,41.29315185546875
3833,34.9862060546875
3834,38.49337387084961
3835,35.43805694580078
3836,38.66962432861328
3837,39.14514923095703
3838,37.264610290527344
3839,36.81169128417969
3840,37.451961517333984
3841,37.084190368652344
3842,38.695404052734375
3843,37.458961486816406
3844,38.325374603271484
3845,38.296119689941406
3846,39.05509948730469
3847,34.33503723144531
3848,37.39744186401367
3849,39.42886734008789
3850,37.20094299316406
3851,33.791770935058594
3852,38.580692291259766
3853,36.86497116088867
3854,37.9938850402832
3855,36.014705657958984
3856,36.61329650878906
3857,38.61441421508789
3858,34.87104797363281
3859,41.023780822753906
3860,39.37205123901367
3861,36.87857437133789
3862,37.8565673828125
3863,38.11263656616211
3864,36.210350036621094
3865,37.66875457763672
3866,40.6178092956543
3867,36.65059280395508
3868,40.01682662963867
3869,39.60676956176758
3870,40.23512268066406
3871,36.845279693603516
3872,39.11688995361328
3873,35.043296813964844
3874,37.619529724121094
3875,35.472476959228516
3876,36.999813079833984
3877,40.7473030090332
3878,36.808467864990234
3879,40.28129196166992
3880,37.960086822509766
3881,34.07249450683594
3882,38.695106506347656
3883,40.716426849365234
3884,37.27976989746094
3885,38.67237091064453
3886,37.56153106689453
3887,35.01468276977539
3888,38.40632247924805
3889,37.22113800048828
3890,37.620361328125
3891,37.92354965209961
3892,37.68126678466797
3893,36.18223571777344
3894,36.455047607421875
3895,36.1505126953125
3896,38.75202941894531
3897,38.24163818359375
3898,38.18975067138672
3899,35.66686248779297
3900,37.66352081298828
3901,37.17454147338867
3902,38.63855743408203
3903,38.1703987121582
3904,38.05490493774414
3905,38.510154724121094
3906,38.567386627197266
3907,36.15695571899414
3908,36.40816116333008
3909,36.6256217956543
3910,37.46796798706055
3911,34.525577545166016
3912,39.111637115478516
3913,38.444252014160156
3914,37.981876373291016
3915,36.80474853515625
3916,37.710784912109375
3917,39.814876556396484
3918,39.160465240478516
3919,36.35484313964844
3920,38.25704574584961
3921,38.862064361572266
3922,38.40559005737305
3923,38.00414276123047
3924,42.04895782470703
3925,38.01586151123047
3926,39.0084228515625
3927,37.84189224243164
3928,38.14801788330078
3929,40.33335494995117
3930,36.912071228027344
3931,39.267704010009766
3932,39.90183639526367
3933,38.21882629394531
3934,38.02627182006836
3935,42.07070541381836
3936,37.10106658935547
3937,39.18940353393555
3938,36.67759323120117
3939,36.993717193603516
3940,39.79648971557617
3941,33.93235397338867
3942,35.88310623168945
3943,36.449562072753906
3944,36.02150344848633
3945,40.595890045166016
3946,38.34219741821289
3947,37.10182189941406
3948,41.32842254638672
3949,36.08116149902344
3950,37.40375900268555
3951,38.44657897949219
3952,37.560150146484375
3953,38.03429412841797
3954,39.96627426147461
3955,41.46678161621094
3956,38.240142822265625
3957,37.138736724853516
3958,35.728668212890625
3959,37.88134002685547
3960,41.63763427734375
3961,36.676570892333984
3962,39.63876724243164
3963,35.537662506103516
3964,37.558719635009766
3965,38.08266067504883
3966,36.00044631958008
3967,34.65650177001953
3968,38.79032516479492
3969,38.633907318115234
3970,38.839454650878906
3971,37.137489318847656
3972,37.3343620300293
3973,35.59008026123047
3974,39.68485641479492
3975,37.314109802246094
3976,40.1048583984375
3977,36.51701354980469
3978,39.56672286987305
3979,37.73611831665039
3980,35.45186996459961
3981,35.90829849243164
3982,36.573768615722656
3983,35.00498962402344
3984,39.08675765991211
3985,38.668426513671875
3986,41.922119140625
3987,38.74641036987305
3988,37.24762725830078
3989,37.645362854003906
3990,40.2287483215332
3991,38.522701263427734
3992,38.41552734375
3993,35.48961639404297
3994,33.95566940307617
3995,40.470211029052734
3996,39.7555046081543
3997,40.675376892089844
3998,35.415313720703125
3999,34.51902770996094
4000,41.08699417114258
4001,37.96807861328125
4002,34.36811447143555
4003,34.55362319946289
4004,33.88883972167969
4005,34.390201568603516
4006,37.78207778930664
4007,37.16368103027344
4008,35.94145965576172
4009,33.44670486450195
4010,36.3851318359375
4011,33.15995407104492
4012,33.192840576171875
4013,32.900516510009766
4014,33.0104866027832
4015,31.457826614379883
4016,32.98785400390625
4017,29.09405517578125
4018,32.278717041015625
4019,32.46322250366211
4020,33.60884475708008
4021,32.796634674072266
4022,29.91507339477539
4023,32.88625717163086
4024,32.12102508544922
4025,29.002620697021484
4026,32.38590621948242
4027,32.63072204589844
4028,32.54652786254883
4029,30.890636444091797
4030,32.58478927612305
4031,33.57007598876953
4032,32.32120132446289
4033,31.588390350341797
4034,32.964073181152344
4035,30.089447021484375
4036,33.08320236206055
4037,32.22896957397461
4038,28.48440170288086
4039,30.01293182373047
4040,31.2235050201416
4041,33.71866226196289
4042,31.161439895629883
4043,31.788625717163086
4044,31.648271560668945
4045,31.358930587768555
4046,32.61068344116211
4047,30.906444549560547
4048,33.121368408203125
4049,33.97597885131836
4050,32.112876892089844
4051,31.877315521240234
4052,30.35587501525879
4053,34.2308349609375
4054,32.47062301635742
4055,35.08120346069336
4056,32.01071548461914
4057,32.353336334228516
4058,31.884815216064453
4059,33.37895584106445
4060,31.75443458557129
4061,32.480831146240234
4062,32.08720397949219
4063,33.22181701660156
4064,33.57136917114258
4065,30.435958862304688
4066,30.813720703125
4067,33.55437088012695
4068,28.26841163635254
4069,32.36418914794922
4070,31.928565979003906
4071,31.770700454711914
4072,34.36674880981445
4073,30.357952117919922
4074,32.996337890625
4075,32.313140869140625
4076,33.24208068847656
4077,32.623451232910156
4078,35.44174575805664
4079,31.677616119384766
4080,34.85696792602539
4081,31.529556274414062
4082,33.458438873291016
4083,32.53089141845703
4084,34.20243835449219
4085,32.75278854370117
4086,34.22726058959961
4087,31.85848045349121
4088,34.2233772277832
4089,32.787025451660156
4090,30.186521530151367
4091,31.773822784423828
4092,31.624286651611328
4093,33.21567153930664
4094,31.147153854370117
4095,32.302528381347656
4096,30.60171127319336
4097,30.931711196899414
4098,33.47608184814453
4099,32.70528030395508
4100,32.51626968383789
4101,33.59177017211914
4102,32.08754348754883
4103,32.6854362487793
4104,33.50224685668945
4105,35.04519271850586
4106,30.004432678222656
4107,32.232933044433594
4108,35.11408996582031
4109,31.93560791015625
4110,31.877609252929688
4111,34.87287139892578
4112,31.3304500579834
4113,33.15934753417969
4114,32.02062225341797
4115,32.50078201293945
4116,32.19312286376953
4117,35.31734848022461
4118,32.62783432006836
4119,32.77262496948242
4120,32.52690124511719
4121,31.63911247253418
4122,29.453657150268555
4123,33.24285888671875
4124,30.972814559936523
4125,33.88380432128906
4126,30.747732162475586
4127,30.55508041381836
4128,32.89134216308594
4129,34.026649475097656
4130,29.784072875976562
4131,35.410858154296875
4132,34.18076705932617
4133,31.887744903564453
4134,31.69141960144043
4135,32.01298141479492
4136,33.61503219604492
4137,35.01387405395508
4138,31.866649627685547
4139,34.533058166503906
4140,31.025875091552734
4141,31.744483947753906
4142,34.796295166015625
4143,32.57513427734375
4144,31.012006759643555
4145,30.894678115844727
4146,32.96000671386719
4147,33.502296447753906
4148,34.19112777709961
4149,31.632057189941406
4150,30.809175491333008
4151,31.355928421020508
4152,33.397369384765625
4153,31.15304946899414
4154,32.490074157714844
4155,33.14244079589844
4156,32.185550689697266
4157,30.63433265686035
4158,32.3804817199707
4159,33.54286575317383
4160,34.95562744140625
4161,33.95564270019531
4162,31.290023803710938
4163,31.751436233520508
4164,34.613189697265625
4165,31.865995407104492
4166,33.841835021972656
4167,33.40980529785156
4168,35.55950927734375
4169,31.913877487182617
4170,33.3413200378418
4171,32.052059173583984
4172,33.408172607421875
4173,34.31642150878906
4174,32.18635559082031
4175,31.16345977783203
4176,33.2109489440918
4177,31.949682235717773
4178,32.63068389892578
4179,30.995716094970703
4180,33.75361251831055
4181,33.856929779052734
4182,32.83617401123047
4183,31.35375213623047
4184,33.02831268310547
4185,32.74622344970703
4186,32.34554672241211
4187,32.85063552856445
4188,34.77013397216797
4189,33.59565734863281
4190,34.25392532348633
4191,32.624900817871094
4192,30.974454879760742
4193,33.877445220947266
4194,31.145606994628906
4195,32.44378662109375
4196,29.410959243774414
4197,33.546539306640625
4198,32.27948760986328
4199,32.512664794921875
4200,30.693370819091797
4201,33.01285171508789
4202,33.26021957397461
4203,31.004291534423828
4204,34.24154281616211
4205,33.96177291870117
4206,33.81570053100586
4207,34.40735626220703
4208,32.99904251098633
4209,32.51303482055664
4210,33.649391174316406
4211,33.49018478393555
4212,33.97517776489258
4213,31.758703231811523
4214,32.70679473876953
4215,34.01902770996094
4216,31.214723587036133
4217,32.999267578125
4218,32.669681549072266
4219,33.39693069458008
4220,31.13777732849121
4221,33.00175476074219
4222,32.385799407958984
4223,33.424835205078125
4224,33.939876556396484
4225,32.834197998046875
4226,29.901517868041992
4227,33.58531951904297
4228,32.817081451416016
4229,34.90589904785156
4230,32.255165100097656
4231,31.92774772644043
4232,32.768882751464844
4233,33.711669921875
4234,32.47669982910156
4235,30.745817184448242
4236,35.26012420654297
4237,33.28147888183594
4238,34.24264144897461
4239,36.05058288574219
4240,34.28125
4241,32.98552322387695
4242,32.97731399536133
4243,31.92140769958496
4244,33.01168441772461
4245,34.45527648925781
4246,32.146297454833984
4247,34.056880950927734
4248,34.037940979003906
4249,31.1544132232666
4250,32.14756774902344
4251,33.46153259277344
4252,30.977249145507812
4253,32.94471740722656
4254,34.234710693359375
4255,32.35738754272461
4256,32.0178108215332
4257,33.97539520263672
4258,30.456289291381836
4259,31.456565856933594
4260,32.36178970336914
4261,32.88325881958008
4262,33.38597106933594
4263,32.36884307861328
4264,31.65520668029785
4265,32.238075256347656
4266,30.24942970275879
4267,37.280513763427734
4268,31.98961067199707
4269,33.39960861206055
4270,32.72462844848633
4271,30.95684814453125
4272,35.31473159790039
4273,31.16726303100586
4274,32.311031341552734
4275,34.21760559082031
4276,32.721466064453125
4277,35.319515228271484
4278,32.89088439941406
4279,31.130313873291016
4280,34.391056060791016
4281,31.959184646606445
4282,33.53968048095703
4283,30.534942626953125
4284,31.379409790039062
4285,32.19866943359375
4286,34.42413330078125
4287,33.29446792602539
4288,31.348430633544922
4289,31.854095458984375
4290,33.92631530761719
4291,34.34228515625
4292,31.21456527709961
4293,33.778236389160156
4294,31.470176696777344
4295,32.05406188964844
4296,32.0004997253418
4297,36.69465255737305
4298,33.26284408569336
4299,33.875736236572266
4300,32.11182403564453
4301,33.02352523803711
4302,33.79265213012695
4303,33.11298370361328
4304,32.8677978515625
4305,31.63356590270996
4306,35.642662048339844
4307,30.218650817871094
4308,33.6300048828125
4309,32.015769958496094
4310,33.14529037475586
4311,32.936641693115234
4312,32.6701545715332
4313,31.57503890991211
4314,32.45250701904297
4315,34.12480163574219
4316,32.7839469909668
4317,34.24478530883789
4318,32.99873733520508
4319,33.02150344848633
4320,31.43817901611328
4321,32.25407791137695
4322,31.16267204284668
4323,35.510826110839844
4324,32.2669792175293
4325,31.857074737548828
4326,34.64916229248047
4327,30.23528289794922
4328,33.675296783447266
4329,35.17007827758789
4330,32.23980712890625
4331,31.94296646118164
4332,35.2180290222168
4333,31.335664749145508
4334,35.739566802978516
4335,33.22773742675781
4336,32.171871185302734
4337,31.176530838012695
4338,35.71355438232422
4339,32.79890441894531
4340,34.94963073730469
4341,34.88206481933594
4342,32.89599609375
4343,32.744422912597656
4344,35.95216751098633
4345,32.69838333129883
4346,28.712806701660156
4347,32.94603729248047
4348,30.309289932250977
4349,33.09562301635742
4350,33.54655838012695
4351,32.945308685302734
4352,33.698760986328125
4353,31.2567138671875
4354,32.34248352050781
4355,32.83799362182617
4356,32.47484588623047
4357,33.80332565307617
4358,34.10396194458008
4359,34.04159164428711
4360,33.47549057006836
4361,32.63499450683594
4362,33.42359161376953
4363,33.53550338745117
4364,29.87268829345703
4365,32.47951889038086
4366,33.663570404052734
4367,33.90303421020508
4368,32.53077697753906
4369,34.49357223510742
4370,32.0902099609375
4371,31.711645126342773
4372,33.707279205322266
4373,32.25151062011719
4374,34.89033126831055
4375,30.707765579223633
4376,33.194435119628906
4377,32.10633850097656
4378,31.74832534790039
4379,35.482608795166016
4380,34.587100982666016
4381,31.599754333496094
4382,34.603755950927734
4383,29.74082374572754
4384,32.52734375
4385,32.7958984375
4386,30.575136184692383
4387,34.00901794433594
4388,31.194725036621094
4389,34.017173767089844
4390,31.634336471557617
4391,32.317718505859375
4392,33.510459899902344
4393,32.595211029052734
4394,31.74003791809082
4395,29.990234375
4396,31.939924240112305
4397,34.33253860473633
4398,33.42870330810547
4399,34.88875198364258
4400,34.62153244018555
4401,33.74016571044922
4402,32.9375
4403,32.80618667602539
4404,35.896217346191406
4405,32.906394958496094
4406,34.51744842529297
4407,33.24085235595703
4408,32.826446533203125
4409,30.612646102905273
4410,32.13581466674805
4411,31.41364860534668
4412,34.17300033569336
4413,33.20268249511719
4414,34.15604019165039
4415,35.2939453125
4416,34.578041076660156
4417,31.55202293395996
4418,32.80341339111328
4419,33.7091064453125
4420,31.4700984954834
4421,31.787595748901367
4422,32.45454025268555
4423,31.917482376098633
4424,34.94176483154297
4425,34.23879623413086
4426,31.824262619018555
4427,32.768733978271484
4428,33.42377853393555
4429,29.800518035888672
4430,34.857059478759766
4431,34.0139274597168
4432,31.218067169189453
4433,31.173355102539062
4434,34.37993240356445
4435,31.491296768188477
4436,33.41101837158203
4437,33.715938568115234
4438,33.65728759765625
4439,34.78947830200195
4440,34.09955596923828
4441,33.589637756347656
4442,30.688720703125
4443,34.03669738769531
4444,34.453285217285156
4445,33.0770378112793
4446,32.18617630004883
4447,35.227962493896484
4448,31.812406539916992
4449,34.51176452636719
4450,34.00557327270508
4451,37.217926025390625
4452,33.89097213745117
4453,34.643821716308594
4454,35.92778396606445
4455,31.921722412109375
4456,30.74016761779785
4457,34.749637603759766
4458,34.082855224609375
4459,32.20938491821289
4460,32.880611419677734
4461,33.503604888916016
4462,35.43425750732422
4463,33.51219177246094
4464,33.255760192871094
4465,33.86552429199219
4466,33.618675231933594
4467,33.539512634277344
4468,30.46147346496582
4469,35.48563003540039
4470,32.13976287841797
4471,31.22739028930664
4472,34.90268325805664
4473,35.56501770019531
4474,36.15339279174805
4475,32.630859375
4476,33.960906982421875
4477,34.49532699584961
4478,37.03523635864258
4479,35.16239929199219
4480,32.980201721191406
4481,32.51324462890625
4482,35.31229019165039
4483,32.66825485229492
4484,37.832061767578125
4485,32.72309875488281
4486,30.767074584960938
4487,32.63591766357422
4488,35.87459182739258
4489,29.74461555480957
4490,31.994220733642578
4491,33.517967224121094
4492,33.68046188354492
4493,34.11500549316406
4494,30.22074317932129
4495,32.919612884521484
4496,33.32160568237305
4497,35.16695785522461
4498,32.70745849609375
4499,2.655485153198242
4499,33.16739273071289
4500,6.9471282958984375
4501,11.617454528808594
4502,16.02875328063965
4503,20.349044799804688
4504,24.13225746154785
4505,28.793926239013672
4506,33.45317459106445
4507,38.15660858154297
4508,42.07615280151367
4509,46.31344223022461
4510,49.263526916503906
4511,31.906246185302734
4512,34.11033630371094
4513,32.25994873046875
4514,35.04291915893555
4515,32.907264709472656
4516,31.451770782470703
4517,33.15853500366211
4518,33.5912971496582
4519,31.600366592407227
4520,33.24521255493164
4521,33.70148468017578
4522,31.904996871948242
4523,33.722145080566406
4524,31.403717041015625
4525,32.669830322265625
4526,32.168514251708984
4527,32.61378479003906
4528,32.12322998046875
4529,32.631752014160156
4530,31.812063217163086
4531,31.28951072692871
4532,32.00233459472656
4533,31.086585998535156
4534,33.2571907043457
4535,35.27252197265625
4536,31.708126068115234
4537,32.35147476196289
4538,33.40040588378906
4539,33.88065719604492
4540,34.499427795410156
4541,30.995759963989258
4542,34.1450309753418
4543,32.786766052246094
4544,35.25572204589844
4545,31.466552734375
4546,33.012630462646484
4547,34.48230743408203
4548,34.29131317138672
4549,33.256263732910156
4550,33.938385009765625
4551,33.318153381347656
4552,31.876676559448242
4553,35.235565185546875
4554,33.691619873046875
4555,31.255477905273438
4556,32.761314392089844
4557,33.92382049560547
4558,35.719120025634766
4559,32.908016204833984
4560,32.476593017578125
4561,34.75008773803711
4562,36.36013412475586
4563,32.10426712036133
4564,33.73760986328125
4565,33.162841796875
4566,34.24707794189453
4567,32.452781677246094
4568,34.02693557739258
4569,32.959110260009766
4570,33.635841369628906
4571,32.870967864990234
4572,31.375587463378906
4573,34.87315368652344
4574,34.86471176147461
4575,35.03395080566406
4576,36.86423110961914
4577,32.68565368652344
4578,31.412532806396484
4579,35.844051361083984
4580,32.301692962646484
4581,33.41224670410156
4582,33.831363677978516
4583,34.333988189697266
4584,33.32497787475586
4585,35.88980484008789
4586,33.511661529541016
4587,33.08242416381836
4588,34.7928581237793
4589,33.609676361083984
4590,31.43864631652832
4591,33.8020133972168
4592,34.51952362060547
4593,33.316802978515625
4594,33.10693359375
4595,34.732757568359375
4596,34.64435577392578
4597,34.09138870239258
4598,33.01075744628906
4599,33.20391845703125
4600,33.371559143066406
4601,30.32616424560547
4602,32.79716491699219
4603,34.08116912841797
4604,32.784603118896484
4605,32.514732360839844
4606,35.03269577026367
4607,30.964292526245117
4608,35.23820495605469
4609,32.2716178894043
4610,36.04664611816406
4611,32.099403381347656
4612,34.37602233886719
4613,31.35373878479004
4614,36.851383209228516
4615,34.090965270996094
4616,33.767051696777344
4617,31.564571380615234
4618,30.089324951171875
4619,33.515098571777344
4620,36.528568267822266
4621,34.096500396728516
4622,34.564422607421875
4623,31.01213836669922
4624,33.77073287963867
4625,34.15635299682617
4626,34.945003509521484
4627,34.58536148071289
4628,32.80514907836914
4629,34.65305709838867
4630,33.3387451171875
4631,33.35792922973633
4632,32.75307083129883
4633,33.975181579589844
4634,33.031307220458984
4635,33.93446731567383
4636,34.83006286621094
4637,32.717185974121094
4638,32.87743377685547
4639,33.32413101196289
4640,33.892601013183594
4641,34.138973236083984
4642,33.28577423095703
4643,32.93867874145508
4644,32.1617317199707
4645,34.47456359863281
4646,33.89252471923828
4647,36.47824478149414
4648,32.759033203125
4649,31.13981819152832
4650,33.13154983520508
4651,34.497982025146484
4652,35.25459671020508
4653,34.24708557128906
4654,33.06710433959961
4655,35.25089645385742
4656,30.865633010864258
4657,34.04230880737305
4658,33.730838775634766
4659,32.938865661621094
4660,33.08231735229492
4661,33.24380111694336
4662,32.13218688964844
4663,35.64485168457031
4664,31.950456619262695
4665,32.44343185424805
4666,34.268714904785156
4667,34.03620529174805
4668,32.77761459350586
4669,30.38063621520996
4670,34.145751953125
4671,35.00426483154297
4672,31.208574295043945
4673,31.959447860717773
4674,36.33643341064453
4675,35.71510696411133
4676,31.310544967651367
4677,33.7585334777832
4678,32.93731689453125
4679,34.41328811645508
4680,32.08182907104492
4681,32.40264129638672
4682,34.19120407104492
4683,34.698692321777344
4684,33.074546813964844
4685,35.63977813720703
4686,32.527748107910156
4687,31.976673126220703
4688,33.68901443481445
4689,32.16105270385742
4690,32.93349075317383
4691,37.07896423339844
4692,32.1530647277832
4693,34.37059020996094
4694,32.81828308105469
4695,32.28794479370117
4696,33.40915298461914
4697,33.82619857788086
4698,35.54934310913086
4699,33.244075775146484
4700,31.84474754333496
4701,34.129730224609375
4702,33.798927307128906
4703,34.36565017700195
4704,32.78267288208008
4705,33.91543960571289
4706,33.22929763793945
4707,35.00111770629883
4708,31.59920310974121
4709,32.797672271728516
4710,34.27046585083008
4711,32.005516052246094
4712,33.73963165283203
4713,34.24431228637695
4714,36.33868408203125
4715,33.16918182373047
4716,34.80466842651367
4717,34.21208190917969
4718,33.933387756347656
4719,32.82694625854492
4720,36.002906799316406
4721,34.72381591796875
4722,36.11701583862305
4723,34.588077545166016
4724,33.35492706298828
4725,33.82201385498047
4726,33.264801025390625
4727,33.048545837402344
4728,32.00733184814453
4729,34.8455810546875
4730,32.891178131103516
4731,33.97871017456055
4732,32.88024139404297
4733,35.310848236083984
4734,33.265296936035156
4735,36.11860275268555
4736,34.97220993041992
4737,34.65380859375
4738,33.86127853393555
4739,33.9844856262207
4740,34.52898406982422
4741,34.33827590942383
4742,34.749664306640625
4743,34.21840286254883
4744,32.494354248046875
4745,33.42325210571289
4746,35.14841842651367
4747,32.384456634521484
4748,32.804481506347656
4749,32.984474182128906
4750,31.463380813598633
4751,31.570446014404297
4752,33.01031494140625
4753,34.41373062133789
4754,32.153587341308594
4755,33.125484466552734
4756,31.970680236816406
4757,33.193275451660156
4758,34.231407165527344
4759,37.37862777709961
4760,36.00389862060547
4761,33.78958511352539
4762,33.07713317871094
4763,34.682098388671875
4764,33.72678756713867
4765,34.60144805908203
4766,31.054746627807617
4767,33.1598014831543
4768,33.56822204589844
4769,31.054584503173828
4770,33.837730407714844
4771,32.56376266479492
4772,34.084129333496094
4773,31.3725643157959
4774,33.15159606933594
4775,35.13766098022461
4776,33.0656852722168
4777,35.41168975830078
4778,34.44146728515625
4779,33.49237823486328
4780,33.90786361694336
4781,33.71076202392578
4782,33.965476989746094
4783,34.14470291137695
4784,34.52716827392578
4785,37.52560043334961
4786,31.962366104125977
4787,31.68505096435547
4788,32.884605407714844
4789,32.05323791503906
4790,34.42296600341797
4791,32.32461929321289
4792,33.536556243896484
4793,33.87250900268555
4794,32.26594924926758
4795,32.92485809326172
4796,34.02265548706055
4797,33.608890533447266
4798,31.660154342651367
4799,34.793025970458984
4800,31.076557159423828
4801,33.17843246459961
4802,32.726383209228516
4803,34.13179397583008
4804,32.061622619628906
4805,34.263877868652344
4806,32.84184265136719
4807,34.85623550415039
4808,35.37434005737305
4809,32.99061965942383
4810,35.4334602355957
4811,31.845319747924805
4812,32.98409652709961
4813,31.779563903808594
4814,32.88077163696289
4815,33.55083465576172
4816,34.919063568115234
4817,37.72247314453125
4818,33.727638244628906
4819,31.78993034362793
4820,32.40932083129883
4821,33.703033447265625
4822,36.7418212890625
4823,32.764583587646484
4824,31.852035522460938
4825,32.200599670410156
4826,34.33840560913086
4827,32.25523376464844
4828,33.62316131591797
4829,32.399070739746094
4830,35.545265197753906
4831,31.09309959411621
4832,33.731346130371094
4833,33.01166915893555
4834,33.435508728027344
4835,31.54587173461914
4836,33.711483001708984
4837,33.78095245361328
4838,33.08706283569336
4839,33.25996780395508
4840,32.67253494262695
4841,35.10184097290039
4842,36.19441223144531
4843,32.94273376464844
4844,34.5737190246582
4845,33.767337799072266
4846,31.82372283935547
4847,32.1185302734375
4848,32.56694030761719
4849,31.854265213012695
4850,34.26476287841797
4851,33.24874496459961
4852,33.677860260009766
4853,33.279415130615234
4854,32.09553527832031
4855,36.812904357910156
4856,33.66389846801758
4857,32.14133834838867
4858,32.236572265625
4859,34.805667877197266
4860,31.861116409301758
4861,35.05695343017578
4862,32.93238830566406
4863,33.170841217041016
4864,34.08706283569336
4865,33.1545524597168
4866,32.88323211669922
4867,33.5261116027832
4868,34.56761169433594
4869,34.04092788696289
4870,32.98459243774414
4871,32.38431930541992
4872,33.86143112182617
4873,32.553409576416016
4874,35.19581985473633
4875,35.1580810546875
4876,34.60593032836914
4877,34.25223922729492
4878,34.63758087158203
4879,31.629703521728516
4880,33.732845306396484
4881,34.490455627441406
4882,34.888763427734375
4883,32.93540573120117
4884,32.080162048339844
4885,34.75270462036133
4886,33.00597381591797
4887,32.22309112548828
4888,33.26300811767578
4889,29.951379776000977
4890,31.80897331237793
4891,33.88255310058594
4892,33.42836380004883
4893,33.43449783325195
4894,32.75640106201172
4895,33.968746185302734
4896,33.414371490478516
4897,33.79103469848633
4898,31.99938201904297
4899,33.34927749633789
4900,31.222015380859375
4901,33.65874481201172
4902,35.136085510253906
4903,30.597332000732422
4904,32.171512603759766
4905,33.94681167602539
4906,35.322853088378906
4907,33.62028121948242
4908,35.34284591674805
4909,32.19725036621094
4910,32.122623443603516
4911,32.8206787109375
4912,32.12318420410156
4913,33.22087860107422
4914,32.78986358642578
4915,36.425537109375
4916,36.150543212890625
4917,32.0449104309082
4918,33.99534225463867
4919,32.80381393432617
4920,33.87861633300781
4921,32.56009292602539
4922,32.64362716674805
4923,34.29521942138672
4924,33.45304489135742
4925,33.184505462646484
4926,35.739952087402344
4927,35.087337493896484
4928,33.907814025878906
4929,32.39336013793945
4930,33.38713073730469
4931,35.690330505371094
4932,33.087013244628906
4933,36.53018569946289
4934,34.8835563659668
4935,34.44200897216797
4936,32.80788040161133
4937,31.564058303833008
4938,34.25076675415039
4939,32.64590835571289
4940,34.538230895996094
4941,29.61188507080078
4942,32.771793365478516
4943,31.980283737182617
4944,33.34389114379883
4945,34.08082580566406
4946,32.931434631347656
4947,34.38523483276367
4948,31.78564453125
4949,34.98076248168945
4950,31.941564559936523
4951,34.471866607666016
4952,32.91226577758789
4953,36.03416061401367
4954,34.693241119384766
4955,32.74942398071289
4956,34.933284759521484
4957,34.68585205078125
4958,33.6589241027832
4959,35.538970947265625
4960,31.803754806518555
4961,31.051578521728516
4962,34.83046340942383
4963,35.27098846435547
4964,34.22835922241211
4965,34.317771911621094
4966,36.683555603027344
4967,34.82692337036133
4968,34.04484939575195
4969,34.50914764404297
4970,33.08698654174805
4971,31.29003143310547
4972,34.26932907104492
4973,37.04610061645508
4974,32.40305709838867
4975,33.8807487487793
4976,32.35466003417969
4977,30.48189926147461
4978,36.63174057006836
4979,34.513118743896484
4980,31.89775276184082
4981,33.819297790527344
4982,34.21738815307617
4983,32.41671371459961
4984,30.69776725769043
4985,36.42728042602539
4986,33.79100036621094
4987,37.494991302490234
4988,32.61271667480469
4989,35.56794738769531
4990,31.514400482177734
4991,34.995452880859375
4992,35.74339294433594
4993,32.84245300292969
4994,32.584251403808594
4995,32.47303771972656
4996,33.77287673950195
4997,31.777151107788086
4998,34.312259674072266
4999,32.87097930908203
5000,36.343231201171875
5001,33.16728210449219
5002,34.09862518310547
5003,33.824302673339844
5004,31.3582763671875
5005,34.571624755859375
5006,33.420509338378906
5007,34.71574401855469
5008,34.552734375
5009,33.35619354248047
5010,33.43852615356445
5011,34.06229782104492
5012,36.26605987548828
5013,32.81016540527344
5014,32.98233413696289
5015,31.504989624023438
5016,33.431053161621094
5017,36.46022033691406
5018,33.87430191040039
5019,35.35774230957031
5020,36.82526397705078
5021,34.15414810180664
5022,33.896121978759766
5023,29.785465240478516
5024,33.599971771240234
5025,35.310943603515625
5026,33.80033874511719
5027,32.9188232421875
5028,34.00432586669922
5029,33.760284423828125
5030,33.4088249206543
5031,35.08592987060547
5032,35.10921096801758
5033,32.82602310180664
5034,35.09632110595703
5035,34.18709945678711
5036,34.84291458129883
5037,34.001522064208984
5038,34.69104766845703
5039,31.803787231445312
5040,33.64045333862305
5041,34.847984313964844
5042,33.06856918334961
5043,31.394540786743164
5044,33.85828399658203
5045,33.91095733642578
5046,34.10346221923828
5047,33.085933685302734
5048,34.20017623901367
5049,32.435916900634766
5050,34.9926643371582
5051,31.830398559570312
5052,30.523483276367188
5053,31.748775482177734
5054,33.83631134033203
5055,33.19242858886719
5056,32.37075424194336
5057,34.108924865722656
5058,35.03218078613281
5059,34.18412780761719
5060,36.544586181640625
5061,31.883726119995117
5062,33.95320129394531
5063,34.35613250732422
5064,34.125511169433594
5065,33.34527587890625
5066,33.0469970703125
5067,34.566253662109375
5068,34.32472610473633
5069,34.307518005371094
5070,35.517250061035156
5071,35.340049743652344
5072,34.64350891113281
5073,35.28065490722656
5074,33.2310791015625
5075,34.23204803466797
5076,31.65275764465332
5077,36.37623977661133
5078,33.692344665527344
5079,34.84006118774414
5080,36.999725341796875
5081,32.431396484375
5082,32.106605529785156
5083,32.05596923828125
5084,35.43181610107422
5085,32.135684967041016
5086,34.18006896972656
5087,35.69205093383789
5088,33.29884719848633
5089,35.93283462524414
5090,32.9296989440918
5091,34.276493072509766
5092,34.427120208740234
5093,34.067047119140625
5094,34.06022644042969
5095,32.38087463378906
5096,35.097843170166016
5097,34.711063385009766
5098,33.78148651123047
5099,34.07590103149414
5100,31.5920352935791
5101,31.968936920166016
5102,31.72113800048828
5103,36.92008590698242
5104,33.33982467651367
5105,34.281341552734375
5106,32.88302993774414
5107,33.46917724609375
5108,32.347164154052734
5109,31.96553611755371
5110,33.99407958984375
5111,32.697288513183594
5112,34.5760612487793
5113,34.58158874511719
5114,35.407501220703125
5115,32.28728103637695
5116,31.514328002929688
5117,33.56761932373047
5118,33.2911262512207
5119,34.474334716796875
5120,32.791072845458984
5121,33.776248931884766
5122,32.708377838134766
5123,32.07302474975586
5124,33.675025939941406
5125,35.701202392578125
5126,31.779006958007812
5127,37.23984909057617
5128,32.164676666259766
5129,34.07229232788086
5130,35.0333366394043
5131,35.985721588134766
5132,33.48258972167969
5133,33.03533172607422
5134,33.78974151611328
5135,32.80900192260742
5136,34.4117317199707
5137,34.8656120300293
5138,33.571529388427734
5139,36.244564056396484
5140,34.38521194458008
5141,35.46949768066406
5142,34.370208740234375
5143,33.3912353515625
5144,33.52000045776367
5145,32.361209869384766
5146,34.869998931884766
5147,32.46494674682617
5148,35.01151657104492
5149,31.839757919311523
5150,34.62818908691406
5151,33.21039962768555
5152,35.250244140625
5153,34.969966888427734
5154,33.04835510253906
5155,33.177215576171875
5156,32.7686653137207
5157,34.76738357543945
5158,33.954368591308594
5159,31.901296615600586
5160,33.16191864013672
5161,34.03824996948242
5162,34.34950637817383
5163,34.45584487915039
5164,31.217748641967773
5165,34.62468338012695
5166,31.574871063232422
5167,32.92182159423828
5168,31.853479385375977
5169,34.2691764831543
5170,33.581207275390625
5171,33.65354919433594
5172,33.921321868896484
5173,33.41521453857422
5174,33.61438751220703
5175,32.06317138671875
5176,34.124664306640625
5177,33.09081268310547
5178,33.244102478027344
5179,33.673824310302734
5180,32.120784759521484
5181,32.00301742553711
5182,33.88740921020508
5183,32.42985153198242
5184,32.47890853881836
5185,31.53156089782715
5186,34.45391082763672
5187,33.856483459472656
5188,33.557498931884766
5189,33.02277755737305
5190,31.76729393005371
5191,32.24454879760742
5192,33.72796630859375
5193,33.851497650146484
5194,35.584712982177734
5195,32.32843780517578
5196,33.876953125
5197,34.1514892578125
5198,34.25310134887695
5199,34.57834243774414
5200,34.956382751464844
5201,29.805612564086914
5202,33.4516487121582
5203,34.53226852416992
5204,31.714521408081055
5205,32.03401565551758
5206,33.30601119995117
5207,34.41136932373047
5208,32.84162139892578
5209,32.765594482421875
5210,32.59308624267578
5211,32.21903610229492
5212,34.229061126708984
5213,32.24666213989258
5214,33.7662353515625
5215,31.79095458984375
5216,33.662330627441406
5217,34.70332336425781
5218,35.1607551574707
5219,32.39173126220703
5220,35.11140441894531
5221,35.543697357177734
5222,36.359527587890625
5223,34.023048400878906
5224,34.21979522705078
5225,33.315242767333984
5226,33.877437591552734
5227,33.28927993774414
5228,36.45943832397461
5229,35.02501678466797
5230,33.90278244018555
5231,34.42490768432617
5232,34.82381057739258
5233,32.16128921508789
5234,36.928062438964844
5235,33.614871978759766
5236,33.23888397216797
5237,31.258333206176758
5238,34.78361892700195
5239,36.40318298339844
5240,35.04108810424805
5241,33.9862174987793
5242,36.29391098022461
5243,32.73509216308594
5244,36.272544860839844
5245,32.760860443115234
5246,31.931407928466797
5247,34.44803237915039
5248,33.16173553466797
5249,30.612245559692383
5250,31.43022346496582
5251,36.96146011352539
5252,34.68362808227539
5253,32.782649993896484
5254,32.1932258605957
5255,32.132347106933594
5256,34.044700622558594
5257,33.45839309692383
5258,31.805866241455078
5259,34.10602951049805
5260,33.82292938232422
5261,32.219337463378906
5262,32.31726837158203
5263,29.1239013671875
5264,31.99647331237793
5265,32.94978713989258
5266,31.949674606323242
5267,37.0766487121582
5268,34.49894714355469
5269,34.91902160644531
5270,34.97382736206055
5271,32.61820602416992
5272,33.37649917602539
5273,34.24252700805664
5274,33.274078369140625
5275,33.25556945800781
5276,34.09956359863281
5277,34.97536087036133
5278,33.66135787963867
5279,33.63460159301758
5280,35.08683395385742
5281,32.99721145629883
5282,33.135189056396484
5283,33.02996063232422
5284,32.40960693359375
5285,34.057273864746094
5286,34.358428955078125
5287,32.59633255004883
5288,33.48508071899414
5289,31.548383712768555
5290,33.73072814941406
5291,32.73613739013672
5292,34.05464553833008
5293,35.6500358581543
5294,33.32661056518555
5295,32.807247161865234
5296,35.12995910644531
5297,35.03374099731445
5298,32.67445755004883
5299,33.10464859008789
5300,33.61801528930664
5301,34.29166030883789
5302,33.19158172607422
5303,33.10709762573242
5304,34.794246673583984
5305,32.74135208129883
5306,33.80683517456055
5307,33.20045852661133
5308,34.7342529296875
5309,34.324520111083984
5310,34.276424407958984
5311,34.65182876586914
5312,33.32389450073242
5313,34.44138717651367
5314,34.377811431884766
5315,33.42958450317383
5316,33.7068977355957
5317,32.90882110595703
5318,35.9958381652832
5319,34.84815216064453
5320,32.34807586669922
5321,33.140106201171875
5322,33.99502944946289
5323,32.23514938354492
5324,32.918025970458984
5325,34.69761657714844
5326,33.281105041503906
5327,35.60844421386719
5328,34.231929779052734
5329,33.34952926635742
5330,34.72726821899414
5331,35.15762710571289
5332,36.406707763671875
5333,32.15943145751953
5334,34.40991973876953
5335,31.591129302978516
5336,32.38456726074219
5337,35.16606521606445
5338,34.9022102355957
5339,34.115379333496094
5340,32.96327209472656
5341,33.89009094238281
5342,35.045928955078125
5343,37.5164909362793
5344,34.43093490600586
5345,32.67581558227539
5346,33.2602653503418
5347,34.31184768676758
5348,35.71002960205078
5349,34.888057708740234
5350,32.37681198120117
5351,34.08055114746094
5352,33.764320373535156
5353,32.87405014038086
5354,34.08372497558594
5355,34.09068298339844
5356,31.89820098876953
5357,36.66598892211914
5358,34.59785842895508
5359,35.344459533691406
5360,33.8400993347168
5361,32.674068450927734
5362,35.16596221923828
5363,34.12457275390625
5364,35.94364547729492
5365,32.04621887207031
5366,34.434940338134766
5367,35.85556411743164
5368,30.94154167175293
5369,33.416988372802734
5370,32.890830993652344
5371,32.276268005371094
5372,33.21339797973633
5373,32.79857635498047
5374,34.34031677246094
5375,35.53756332397461
5376,34.0966796875
5377,33.090599060058594
5378,35.46609115600586
5379,34.59307861328125
5380,32.57306671142578
5381,34.80084228515625
5382,33.121490478515625
5383,32.85908508300781
5384,34.235809326171875
5385,32.100528717041016
5386,32.14910125732422
5387,32.23185729980469
5388,32.47536087036133
5389,34.12212371826172
5390,34.391117095947266
5391,34.2813606262207
5392,35.15149688720703
5393,33.72934341430664
5394,34.516998291015625
5395,34.43486404418945
5396,33.66712188720703
5397,34.116783142089844
5398,33.86496353149414
5399,33.1783561706543
5400,34.703285217285156
5401,33.068580627441406
5402,33.76674270629883
5403,33.16514587402344
5404,34.216041564941406
5405,36.514305114746094
5406,33.31969451904297
5407,33.292301177978516
5408,33.3255729675293
5409,35.34424591064453
5410,33.920806884765625
5411,35.367706298828125
5412,34.24540710449219
5413,31.507715225219727
5414,32.5598030090332
5415,35.782745361328125
5416,32.729164123535156
5417,32.07844924926758
5418,35.34878158569336
5419,33.63932418823242
5420,33.58438491821289
5421,31.37605857849121
5422,32.6215934753418
5423,33.64348602294922
5424,34.40047836303711
5425,34.33783721923828
5426,34.55331039428711
5427,34.31842803955078
5428,34.32966232299805
5429,33.53390884399414
5430,34.65613555908203
5431,32.35216522216797
5432,33.3678092956543
5433,33.3182487487793
5434,33.771766662597656
5435,33.97028732299805
5436,32.525787353515625
5437,33.157508850097656
5438,33.26824951171875
5439,33.72227096557617
5440,33.717430114746094
5441,32.95996856689453
5442,32.92124938964844
5443,32.432064056396484
5444,33.96208953857422
5445,34.38148498535156
5446,33.89764404296875
5447,33.66687774658203
5448,34.69637680053711
5449,32.06844711303711
5450,33.5531120300293
5451,31.705678939819336
5452,32.66713333129883
5453,32.51993942260742
5454,34.39149475097656
5455,34.747657775878906
5456,32.826148986816406
5457,34.303131103515625
5458,35.477813720703125
5459,34.358821868896484
5460,35.24565505981445
5461,32.245826721191406
5462,34.79005432128906
5463,36.02138137817383
5464,34.82579040527344
5465,33.00933837890625
5466,32.01414108276367
5467,34.845985412597656
5468,33.512535095214844
5469,34.583744049072266
5470,35.00923538208008
5471,33.60504913330078
5472,32.30290222167969
5473,36.40188980102539
5474,34.83431625366211
5475,30.12224769592285
5476,33.826961517333984
5477,33.14933776855469
5478,31.805801391601562
5479,35.331138610839844
5480,32.218536376953125
5481,35.2410888671875
5482,33.62276077270508
5483,32.94926452636719
5484,31.527341842651367
5485,34.066707611083984
5486,33.09689712524414
5487,34.073543548583984
5488,33.94413757324219
5489,34.108150482177734
5490,33.98915100097656
5491,33.00636291503906
5492,33.25334930419922
5493,33.477577209472656
5494,33.690643310546875
5495,32.270912170410156
5496,31.492027282714844
5497,33.59931182861328
5498,34.21778869628906
5499,32.11780548095703
5500,34.41609573364258
5501,34.0401496887207
5502,34.562171936035156
5503,33.60080337524414
5504,33.56332778930664
5505,31.353435516357422
5506,32.37140655517578
5507,34.788970947265625
5508,33.629974365234375
5509,35.15939712524414
5510,33.003150939941406
5511,34.31071472167969
5512,33.08362579345703
5513,33.51592254638672
5514,32.2666015625
5515,32.21809005737305
5516,34.72032165527344
5517,34.463279724121094
5518,35.22327423095703
5519,32.864742279052734
5520,36.312198638916016
5521,34.652469635009766
5522,32.101741790771484
5523,35.41282272338867
5524,35.83102035522461
5525,35.10007095336914
5526,34.63895034790039
5527,33.12681198120117
5528,34.40437698364258
5529,32.04254913330078
5530,35.551090240478516
5531,34.482093811035156
5532,34.07858657836914
5533,35.31890869140625
5534,34.855567932128906
5535,33.36936569213867
5536,32.87675094604492
5537,32.86726379394531
5538,35.66246032714844
5539,34.03410720825195
5540,33.855201721191406
5541,33.717262268066406
5542,34.71453094482422
5543,33.65578842163086
5544,34.55330276489258
5545,34.339820861816406
5546,32.90673828125
5547,33.58351135253906
5548,33.98580551147461
5549,36.011661529541016
5550,35.253299713134766
5551,33.55352020263672
5552,36.43437194824219
5553,33.386112213134766
5554,34.42844772338867
5555,36.528465270996094
5556,34.78606033325195
5557,30.902088165283203
5558,33.53154373168945
5559,36.47726821899414
5560,37.648101806640625
5561,35.11126708984375
5562,34.1954460144043
5563,36.195831298828125
5564,33.02937698364258
5565,33.83980941772461
5566,33.974876403808594
5567,33.35249328613281
5568,33.855228424072266
5569,32.551109313964844
5570,32.62845230102539
5571,33.12873840332031
5572,32.81212615966797
5573,32.459442138671875
5574,32.8408203125
5575,34.29322052001953
5576,34.99357223510742
5577,35.092254638671875
5578,36.24565505981445
5579,32.66070556640625
5580,34.50169372558594
5581,33.745208740234375
5582,35.04475402832031
5583,34.329010009765625
5584,35.091087341308594
5585,33.40492630004883
5586,34.903465270996094
5587,33.490638732910156
5588,34.84109878540039
5589,34.2142448425293
5590,32.03012466430664
5591,31.87244987487793
5592,34.61378860473633
5593,36.554412841796875
5594,32.16167068481445
5595,32.694061279296875
5596,30.450580596923828
5597,35.48969650268555
5598,33.789920806884766
5599,34.39498519897461
5600,33.93621826171875
5601,32.503543853759766
5602,32.78086853027344
5603,37.386661529541016
5604,35.08958435058594
5605,33.44114303588867
5606,32.39970397949219
5607,32.77834701538086
5608,33.74061965942383
5609,36.636573791503906
5610,33.7145881652832
5611,32.504615783691406
5612,37.0964241027832
5613,34.39700698852539
5614,32.84328079223633
5615,32.406883239746094
5616,34.69488525390625
5617,31.37996482849121
5618,34.626739501953125
5619,34.558963775634766
5620,33.454124450683594
5621,35.64957809448242
5622,33.08518981933594
5623,32.54823684692383
5624,33.32542037963867
5625,31.165695190429688
5626,34.6899299621582
5627,32.59620666503906
5628,34.35851287841797
5629,34.730098724365234
5630,31.632936477661133
5631,32.657623291015625
5632,33.66929244995117
5633,35.854862213134766
5634,33.751319885253906
5635,32.26590347290039
5636,35.12451934814453
5637,35.691986083984375
5638,32.02098846435547
5639,35.712493896484375
5640,33.9597282409668
5641,34.93705749511719
5642,33.446983337402344
5643,32.3529052734375
5644,33.611324310302734
5645,32.42172622680664
5646,35.84568405151367
5647,35.805320739746094
5648,33.69718551635742
5649,37.25605392456055
5650,33.850242614746094
5651,32.6511116027832
5652,34.23491668701172
5653,31.205854415893555
5654,32.959632873535156
5655,33.403995513916016
5656,33.193477630615234
5657,34.56204605102539
5658,32.81891632080078
5659,31.94237518310547
5660,33.96541976928711
5661,33.056358337402344
5662,34.74098587036133
5663,34.609554290771484
5664,33.918663024902344
5665,33.75638961791992
5666,34.1224479675293
5667,32.06586456298828
5668,34.41049575805664
5669,32.92652893066406
5670,33.4217643737793
5671,31.505678176879883
5672,32.31960678100586
5673,36.3126106262207
5674,32.260169982910156
5675,35.6539421081543
5676,33.17809295654297
5677,33.99350357055664
5678,33.97214126586914
5679,33.840232849121094
5680,33.546104431152344
5681,34.022125244140625
5682,35.777587890625
5683,36.40278625488281
5684,34.235172271728516
5685,32.77350997924805
5686,32.044578552246094
5687,33.2036018371582
5688,33.87886047363281
5689,34.570194244384766
5690,33.8172607421875
5691,31.579973220825195
5692,34.17755126953125
5693,33.07310485839844
5694,32.156211853027344
5695,33.780025482177734
5696,35.61119842529297
5697,34.5198860168457
5698,34.68656539916992
5699,30.754735946655273
5700,35.11628341674805
5701,34.375057220458984
5702,32.11393356323242
5703,35.606319427490234
5704,33.65938949584961
5705,31.364561080932617
5706,33.5140266418457
5707,34.58436584472656
5708,34.168235778808594
5709,34.065818786621094
5710,35.336612701416016
5711,31.31082534790039
5712,33.673301696777344
5713,34.54902648925781
5714,33.323665618896484
5715,31.348583221435547
5716,30.86433219909668
5717,34.47291946411133
5718,33.535518646240234
5719,32.48439407348633
5720,35.47722625732422
5721,33.31964111328125
5722,35.987213134765625
5723,35.39520263671875
5724,34.31771469116211
5725,35.161861419677734
5726,36.32889175415039
5727,33.48163986206055
5728,35.01176452636719
5729,33.99797439575195
5730,35.6695556640625
5731,34.16020965576172
5732,36.52231979370117
5733,34.20054626464844
5734,34.455265045166016
5735,33.62440490722656
5736,33.4474983215332
5737,34.76082229614258
5738,35.56716537475586
5739,34.064579010009766
5740,33.89836883544922
5741,33.02315902709961
5742,31.012592315673828
5743,31.849319458007812
5744,32.40370178222656
5745,33.0102653503418
5746,36.164485931396484
5747,33.035125732421875
5748,32.70308303833008
5749,31.98073959350586
5750,32.02442169189453
5751,34.77125549316406
5752,32.70832443237305
5753,36.76300048828125
5754,34.006195068359375
5755,34.738006591796875
5756,32.81694412231445
5757,32.952449798583984
5758,32.75532913208008
5759,34.29807662963867
5760,34.53718948364258
5761,31.07457160949707
5762,34.43119430541992
5763,35.73788833618164
5764,35.18943786621094
5765,32.63343811035156
5766,37.00059509277344
5767,35.63047409057617
5768,36.82671356201172
5769,33.136192321777344
5770,34.63639450073242
5771,34.21182632446289
5772,35.18303680419922
5773,31.293231964111328
5774,31.845294952392578
5775,32.60879135131836
5776,34.736289978027344
5777,33.788578033447266
5778,35.724971771240234
5779,32.032554626464844
5780,33.97879409790039
5781,34.357666015625
5782,34.10918045043945
5783,35.8386116027832
5784,33.326759338378906
5785,35.9250602722168
5786,32.853336334228516
5787,34.45072937011719
5788,34.37847900390625
5789,32.751609802246094
5790,31.74557876586914
5791,34.50423049926758
5792,35.97101593017578
5793,33.59405517578125
5794,36.43906021118164
5795,33.80465316772461
5796,34.41225051879883
5797,34.98152160644531
5798,33.49652862548828
5799,33.792354583740234
5800,32.57383728027344
5801,33.86286544799805
5802,31.003969192504883
5803,32.68809509277344
5804,31.406932830810547
5805,33.11711502075195
5806,34.2656135559082
5807,32.23891830444336
5808,35.982322692871094
5809,32.00532913208008
5810,37.41679763793945
5811,33.333133697509766
5812,32.48713302612305
5813,30.288803100585938
5814,31.45493507385254
5815,32.57148742675781
5816,36.25839614868164
5817,33.1977653503418
5818,31.040807723999023
5819,33.24055480957031
5820,33.47391128540039
5821,33.73461151123047
5822,33.24576950073242
5823,32.91926956176758
5824,32.10081481933594
5825,34.879783630371094
5826,33.5499267578125
5827,35.5893669128418
5828,35.80908203125
5829,31.87054443359375
5830,34.48660659790039
5831,35.04777908325195
5832,35.880821228027344
5833,35.65403366088867
5834,31.612483978271484
5835,33.80664825439453
5836,33.21376419067383
5837,32.25720977783203
5838,33.51072692871094
5839,34.14657211303711
5840,34.72393035888672
5841,32.39425277709961
5842,32.72378921508789
5843,35.28822326660156
5844,34.267616271972656
5845,32.5062141418457
5846,34.35332107543945
5847,32.94501495361328
5848,35.32887268066406
5849,35.4569206237793
5850,32.95566940307617
5851,34.6947021484375
5852,32.843318939208984
5853,35.347129821777344
5854,33.10780334472656
5855,33.341651916503906
5856,34.22201156616211
5857,32.0858039855957
5858,34.66219711303711
5859,35.66972351074219
5860,35.062652587890625
5861,34.75649642944336
5862,33.074951171875
5863,35.07733154296875
5864,32.16239929199219
5865,33.74844741821289
5866,31.553241729736328
5867,35.12922668457031
5868,33.66081237792969
5869,34.44515609741211
5870,33.91238021850586
5871,35.372406005859375
5872,32.91376876831055
5873,33.019691467285156
5874,36.52959060668945
5875,37.43583297729492
5876,32.573917388916016
5877,34.16990280151367
5878,33.65994644165039
5879,34.68532943725586
5880,33.38478469848633
5881,31.19068717956543
5882,33.069210052490234
5883,36.01694869995117
5884,34.824005126953125
5885,35.202884674072266
5886,31.96467399597168
5887,31.35801124572754
5888,34.91254806518555
5889,31.32438087463379
5890,34.22569274902344
5891,33.900516510009766
5892,35.614532470703125
5893,35.074241638183594
5894,33.37874984741211
5895,34.66477966308594
5896,34.32442855834961
5897,33.90553283691406
5898,30.9594783782959
5899,30.23708152770996
5900,35.702510833740234
5901,32.70497512817383
5902,34.17170715332031
5903,34.74398422241211
5904,32.66471862792969
5905,34.82402038574219
5906,34.28457260131836
5907,33.95606231689453
5908,32.53308868408203
5909,35.509212493896484
5910,34.35710906982422
5911,32.2648811340332
5912,32.526405334472656
5913,35.89619827270508
5914,34.57611846923828
5915,36.00274658203125
5916,36.529022216796875
5917,34.3875732421875
5918,32.62823486328125
5919,32.24807357788086
5920,34.32857894897461
5921,34.545799255371094
5922,35.053321838378906
5923,35.15778732299805
5924,33.580997467041016
5925,33.82620620727539
5926,33.914424896240234
5927,32.858402252197266
5928,31.347370147705078
5929,34.65994644165039
5930,32.21467590332031
5931,33.54795455932617
5932,36.346614837646484
5933,35.955928802490234
5934,35.416839599609375
5935,33.54688262939453
5936,31.780521392822266
5937,34.517513275146484
5938,33.32695007324219
5939,34.05509567260742
5940,32.031124114990234
5941,31.073806762695312
5942,34.79979705810547
5943,34.36713790893555
5944,34.50889587402344
5945,31.921754837036133
5946,33.73065185546875
5947,31.644506454467773
5948,34.05091857910156
5949,34.267879486083984
5950,30.729337692260742
5951,31.524290084838867
5952,32.06476593017578
5953,33.44636154174805
5954,29.985593795776367
5955,35.01463317871094
5956,30.549638748168945
5957,33.638755798339844
5958,34.22446060180664
5959,30.669509887695312
5960,36.03071212768555
5961,36.224727630615234
5962,31.889835357666016
5963,32.144962310791016
5964,35.969844818115234
5965,34.958045959472656
5966,32.16307830810547
5967,33.77492141723633
5968,34.6366081237793
5969,33.85614776611328
5970,33.71017074584961
5971,33.848995208740234
5972,33.48530960083008
5973,34.09187698364258
5974,35.6718635559082
5975,34.53225326538086
5976,33.78515625
5977,30.72623634338379
5978,32.15964126586914
5979,33.828800201416016
5980,33.43635177612305
5981,34.76396560668945
5982,35.19300079345703
5983,33.72080993652344
5984,31.950895309448242
5985,33.57393264770508
5986,31.807226181030273
5987,32.27308654785156
5988,33.555870056152344
5989,32.29241943359375
5990,34.84193420410156
5991,34.13280487060547
5992,34.718505859375
5993,31.64657211303711
5994,35.22827911376953
5995,32.82953643798828
5996,34.83147048950195
5997,32.6502799987793
5998,32.340274810791016
5999,32.76408767700195
6000,31.54901695251465
6001,35.14385986328125
6002,31.714160919189453
6003,31.376266479492188
6004,35.51384735107422
6005,33.43870544433594
6006,31.93561553955078
6007,33.38071060180664
6008,31.931644439697266
6009,32.89898681640625
6010,33.56657409667969
6011,32.5526123046875
6012,34.7924690246582
6013,34.641273498535156
6014,33.742855072021484
6015,33.040653228759766
6016,31.98931121826172
6017,35.084014892578125
6018,35.94684600830078
6019,36.188507080078125
6020,33.459564208984375
6021,32.259300231933594
6022,34.08798599243164
6023,35.2148323059082
6024,33.08341979980469
6025,34.99417495727539
6026,33.17512893676758
6027,34.709564208984375
6028,37.52559280395508
6029,32.534576416015625
6030,32.25932312011719
6031,32.54147720336914
6032,34.91221618652344
6033,34.168731689453125
6034,35.523555755615234
6035,34.82179641723633
6036,36.542659759521484
6037,34.23067092895508
6038,32.71733093261719
6039,33.97081756591797
6040,34.13569259643555
6041,33.77593231201172
6042,33.60272216796875
6043,34.3841667175293
6044,36.512516021728516
6045,31.865781784057617
6046,34.03932571411133
6047,34.14714813232422
6048,35.42502975463867
6049,35.39522171020508
6050,32.04387283325195
6051,33.08525085449219
6052,36.41460418701172
6053,35.051631927490234
6054,33.88418197631836
6055,33.44704055786133
6056,31.236919403076172
6057,33.156700134277344
6058,32.9209098815918
6059,34.37746810913086
6060,30.663022994995117
6061,33.95420455932617
6062,33.78870391845703
6063,36.47539138793945
6064,35.99860763549805
6065,35.45899963378906
6066,34.10948181152344
6067,32.612030029296875
6068,34.18266296386719
6069,34.26321029663086
6070,33.67830276489258
6071,33.37467956542969
6072,33.17903137207031
6073,33.732276916503906
6074,34.08232116699219
6075,33.08916091918945
6076,32.594276428222656
6077,34.01496124267578
6078,36.26774597167969
6079,35.501983642578125
6080,33.56354522705078
6081,36.83108901977539
6082,30.891080856323242
6083,36.33598709106445
6084,34.61494827270508
6085,33.48210144042969
6086,35.536094665527344
6087,35.285728454589844
6088,33.63967514038086
6089,33.88136291503906
6090,31.984233856201172
6091,35.31843566894531
6092,32.9814338684082
6093,31.473316192626953
6094,32.955570220947266
6095,33.475006103515625
6096,35.474430084228516
6097,34.31697463989258
6098,32.397212982177734
6099,34.38871383666992
6100,35.2685546875
6101,34.18505096435547
6102,33.248695373535156
6103,33.28952407836914
6104,33.63991928100586
6105,32.69832229614258
6106,30.396726608276367
6107,34.446163177490234
6108,31.505334854125977
6109,31.24507713317871
6110,36.65556335449219
6111,37.098262786865234
6112,33.56122970581055
6113,32.72277069091797
6114,37.11191940307617
6115,34.984466552734375
6116,32.49281692504883
6117,34.68977737426758
6118,32.078025817871094
6119,33.97840118408203
6120,33.42564392089844
6121,31.87644386291504
6122,34.51560592651367
6123,33.534358978271484
6124,35.91552734375
6125,34.23756790161133
6126,35.00846862792969
6127,32.56453323364258
6128,37.08372497558594
6129,33.96098327636719
6130,32.487525939941406
6131,32.142494201660156
6132,35.588443756103516
6133,35.072444915771484
6134,31.17406463623047
6135,34.636985778808594
6136,34.23204803466797
6137,33.592769622802734
6138,35.26610565185547
6139,32.16881561279297
6140,34.91080856323242
6141,34.280059814453125
6142,36.09927749633789
6143,34.88924026489258
6144,33.866336822509766
6145,30.459733963012695
6146,34.92430877685547
6147,34.480812072753906
6148,32.75724411010742
6149,35.31871795654297
6150,30.762481689453125
6151,34.65888595581055
6152,32.942996978759766
6153,33.28666687011719
6154,36.54331970214844
6155,34.08131790161133
6156,35.50046920776367
6157,34.32265090942383
6158,33.95416259765625
6159,34.54570770263672
6160,35.002689361572266
6161,31.97435760498047
6162,32.525718688964844
6163,33.900108337402344
6164,32.097076416015625
6165,33.42197036743164
6166,32.64080047607422
6167,35.2867431640625
6168,33.788063049316406
6169,32.13026809692383
6170,33.70221710205078
6171,35.14976501464844
6172,33.68042755126953
6173,32.348472595214844
6174,33.93686294555664
6175,32.8674201965332
6176,34.377288818359375
6177,32.9740104675293
6178,33.662235260009766
6179,33.58547592163086
6180,34.30267333984375
6181,34.39163589477539
6182,33.86084747314453
6183,33.62613296508789
6184,32.19910430908203
6185,31.880741119384766
6186,33.47166061401367
6187,34.91924285888672
6188,33.835205078125
6189,35.07002258300781
6190,33.44179153442383
6191,33.87497329711914
6192,33.656211853027344
6193,35.619869232177734
6194,35.02877426147461
6195,35.217037200927734
6196,35.05706024169922
6197,34.984031677246094
6198,36.42888641357422
6199,33.80815505981445
6200,35.44179153442383
6201,34.65483093261719
6202,34.629756927490234
6203,33.41237258911133
6204,34.14143371582031
6205,33.63828659057617
6206,31.772262573242188
6207,31.557897567749023
6208,34.907012939453125
6209,31.202089309692383
6210,33.37034606933594
6211,36.9605712890625
6212,33.6060791015625
6213,31.53094482421875
6214,33.54554748535156
6215,35.53615951538086
6216,33.049964904785156
6217,33.732669830322266
6218,32.51079177856445
6219,33.19443130493164
6220,34.652523040771484
6221,33.843711853027344
6222,35.43022155761719
6223,35.00956726074219
6224,36.400543212890625
6225,34.388275146484375
6226,33.40030288696289
6227,35.14151382446289
6228,33.20998764038086
6229,33.19927215576172
6230,35.09981155395508
6231,33.84971618652344
6232,35.35712814331055
6233,37.00990676879883
6234,34.318328857421875
6235,33.12600326538086
6236,35.837276458740234
6237,33.112728118896484
6238,32.53634262084961
6239,32.91837692260742
6240,34.511619567871094
6241,33.532413482666016
6242,33.85963439941406
6243,33.249839782714844
6244,34.012359619140625
6245,32.83747482299805
6246,36.517364501953125
6247,35.86479568481445
6248,34.20009994506836
6249,34.1485595703125
6250,32.56167221069336
6251,33.95822525024414
6252,32.06492233276367
6253,35.87354278564453
6254,33.63394546508789
6255,32.307777404785156
6256,33.9918327331543
6257,34.998512268066406
6258,32.83738708496094
6259,33.87772750854492
6260,32.44690704345703
6261,35.67563247680664
6262,36.0539436340332
6263,32.35395050048828
6264,33.381507873535156
6265,33.93296432495117
6266,33.599246978759766
6267,33.390113830566406
6268,34.790611267089844
6269,34.317813873291016
6270,34.764793395996094
6271,33.66557693481445
6272,34.53196716308594
6273,33.68230438232422
6274,33.27751922607422
6275,34.8994255065918
6276,34.219635009765625
6277,30.62491798400879
6278,32.30712127685547
6279,36.5142707824707
6280,34.8209114074707
6281,33.85627365112305
6282,33.43512725830078
6283,33.87709045410156
6284,35.25041961669922
6285,30.660097122192383
6286,29.69326400756836
6287,37.19999313354492
6288,35.70069885253906
6289,32.580841064453125
6290,35.29206466674805
6291,32.14516067504883
6292,34.59086608886719
6293,32.56230926513672
6294,33.92745590209961
6295,33.77238082885742
6296,33.68978500366211
6297,34.309749603271484
6298,34.459228515625
6299,34.81786346435547
6300,32.59605407714844
6301,35.122032165527344
6302,33.00701141357422
6303,34.319305419921875
6304,32.4238395690918
6305,34.55186080932617
6306,32.260902404785156
6307,35.869606018066406
6308,31.009504318237305
6309,33.62565231323242
6310,33.53797149658203
6311,34.661441802978516
6312,33.40932083129883
6313,33.06357955932617
6314,34.349605560302734
6315,33.144283294677734
6316,33.894859313964844
6317,34.910526275634766
6318,34.110801696777344
6319,34.412330627441406
6320,34.678829193115234
6321,32.10277557373047
6322,35.46543502807617
6323,34.178733825683594
6324,34.51076889038086
6325,32.574832916259766
6326,33.55648422241211
6327,36.2007942199707
6328,32.358646392822266
6329,35.406124114990234
6330,33.597938537597656
6331,33.95903778076172
6332,34.59408187866211
6333,33.51581954956055
6334,34.415863037109375
6335,33.321128845214844
6336,33.65665817260742
6337,34.38008117675781
6338,36.880897521972656
6339,32.85612869262695
6340,33.857688903808594
6341,31.931476593017578
6342,33.35340118408203
6343,34.73628234863281
6344,33.666080474853516
6345,33.202232360839844
6346,32.68973922729492
6347,29.433303833007812
6348,34.0722770690918
6349,33.89812469482422
6350,32.23123550415039
6351,32.986778259277344
6352,32.689422607421875
6353,33.36212158203125
6354,35.04072570800781
6355,32.13632583618164
6356,33.61716842651367
6357,33.93468475341797
6358,34.84743881225586
6359,35.10462188720703
6360,33.07661437988281
6361,30.715486526489258
6362,35.71735382080078
6363,35.05292892456055
6364,33.6211051940918
6365,31.66446304321289
6366,33.38187789916992
6367,35.721588134765625
6368,34.3260612487793
6369,34.694122314453125
6370,33.521583557128906
6371,32.853271484375
6372,35.90986251831055
6373,34.32791519165039
6374,31.811906814575195
6375,34.93886184692383
6376,33.972286224365234
6377,31.954221725463867
6378,33.9215087890625
6379,34.6816291809082
6380,33.103458404541016
6381,35.71234130859375
6382,34.89913558959961
6383,32.21011734008789
6384,33.32643127441406
6385,30.173479080200195
6386,34.436954498291016
6387,34.28315353393555
6388,36.89089584350586
6389,32.918846130371094
6390,35.46799850463867
6391,36.147705078125
6392,32.079307556152344
6393,35.99664306640625
6394,34.43292236328125
6395,32.30915451049805
6396,32.53556823730469
6397,33.008155822753906
6398,34.612281799316406
6399,32.16285705566406
6400,34.65569305419922
6401,32.415489196777344
6402,32.488704681396484
6403,35.860984802246094
6404,33.32831573486328
6405,31.98245620727539
6406,33.282535552978516
6407,33.04459762573242
6408,32.60369110107422
6409,32.73275375366211
6410,33.27885055541992
6411,34.170719146728516
6412,34.55095672607422
6413,36.10744094848633
6414,31.90156364440918
6415,34.273956298828125
6416,33.08168411254883
6417,34.06575012207031
6418,35.7231330871582
6419,34.30815124511719
6420,35.677677154541016
6421,34.66587448120117
6422,37.1361083984375
6423,34.097198486328125
6424,30.261028289794922
6425,36.961666107177734
6426,35.68043518066406
6427,35.71775436401367
6428,32.15163803100586
6429,32.080413818359375
6430,35.86519241333008
6431,31.2493953704834
6432,31.093307495117188
6433,33.14108657836914
6434,34.1076545715332
6435,33.9964485168457
6436,33.72823715209961
6437,33.192508697509766
6438,31.601301193237305
6439,35.8271598815918
6440,32.85856246948242
6441,35.58351516723633
6442,32.05455017089844
6443,35.10213851928711
6444,33.904117584228516
6445,35.812564849853516
6446,33.38960266113281
6447,32.421146392822266
6448,35.65908432006836
6449,33.71775436401367
6450,33.69736099243164
6451,34.017269134521484
6452,37.7255859375
6453,34.999000549316406
6454,36.42570495605469
6455,36.67768096923828
6456,34.03280258178711
6457,33.726078033447266
6458,33.51634216308594
6459,32.81452560424805
6460,34.72043228149414
6461,31.847362518310547
6462,34.80448913574219
6463,32.35381317138672
6464,34.560611724853516
6465,33.02203369140625
6466,35.23167419433594
6467,31.770156860351562
6468,35.527587890625
6469,34.965145111083984
6470,34.30455017089844
6471,35.687076568603516
6472,37.66455078125
6473,34.089717864990234
6474,35.2484245300293
6475,33.20164489746094
6476,34.088035583496094
6477,33.13589859008789
6478,35.19588088989258
6479,34.27705383300781
6480,33.88823699951172
6481,35.24907684326172
6482,33.447265625
6483,32.9459228515625
6484,32.602691650390625
6485,33.36640930175781
6486,34.6471061706543
6487,32.84207534790039
6488,32.763492584228516
6489,34.866188049316406
6490,33.284690856933594
6491,34.5294075012207
6492,32.291297912597656
6493,35.086509704589844
6494,31.515893936157227
6495,31.87758445739746
6496,34.104454040527344
6497,34.715843200683594
6498,34.18685531616211
6499,32.312217712402344
6500,34.22224807739258
6501,33.8784065246582
6502,34.8840446472168
6503,34.01737976074219
6504,34.26310348510742
6505,33.71940612792969
6506,32.059391021728516
6507,36.34623718261719
6508,32.88843536376953
6509,31.0741024017334
6510,32.931976318359375
6511,32.56952667236328
6512,33.24458312988281
6513,32.90031433105469
6514,33.1644401550293
6515,34.01405715942383
6516,34.42784118652344
6517,34.133872985839844
6518,34.47845458984375
6519,36.09893035888672
6520,36.46006774902344
6521,34.155818939208984
6522,33.03102111816406
6523,34.29579162597656
6524,32.4322624206543
6525,33.47062683105469
6526,31.69019889831543
6527,35.497371673583984
6528,32.00431823730469
6529,34.303428649902344
6530,34.59638214111328
6531,34.438751220703125
6532,33.98771667480469
6533,36.13210678100586
6534,35.8961181640625
6535,33.52040481567383
6536,36.4183349609375
6537,33.688926696777344
6538,35.27043151855469
6539,33.96664047241211
6540,34.791526794433594
6541,31.81555938720703
6542,33.59403991699219
6543,35.8433723449707
6544,32.72605895996094
6545,32.91094970703125
6546,33.030487060546875
6547,32.54328155517578
6548,36.34376525878906
6549,35.90812301635742
6550,31.7283992767334
6551,35.778404235839844
6552,33.923133850097656
6553,34.63087844848633
6554,35.84056854248047
6555,36.23661804199219
6556,34.86521530151367
6557,33.79122543334961
6558,35.04869842529297
6559,32.861595153808594
6560,35.35805892944336
6561,32.95528793334961
6562,33.01750183105469
6563,36.084373474121094
6564,34.16084671020508
6565,35.01527786254883
6566,32.780879974365234
6567,33.69603729248047
6568,32.10721969604492
6569,34.63273239135742
6570,35.105064392089844
6571,31.42279815673828
6572,36.09584045410156
6573,35.48979949951172
6574,34.67947006225586
6575,32.53697204589844
6576,33.06359100341797
6577,33.321205139160156
6578,33.202842712402344
6579,33.5840950012207
6580,34.2865104675293
6581,33.11384963989258
6582,34.412479400634766
6583,33.620853424072266
6584,34.08686065673828
6585,34.195556640625
6586,33.90668487548828
6587,34.25384521484375
6588,31.849363327026367
6589,33.06886672973633
6590,32.08026885986328
6591,33.825340270996094
6592,33.10129928588867
6593,34.66632843017578
6594,33.5733528137207
6595,34.837867736816406
6596,33.574134826660156
6597,32.542701721191406
6598,35.80303955078125
6599,35.745426177978516
6600,33.14496994018555
6601,34.802764892578125
6602,34.88955307006836
6603,35.96461486816406
6604,33.7076301574707
6605,36.295082092285156
6606,34.2738037109375
6607,34.49418258666992
6608,35.4521598815918
6609,34.779388427734375
6610,33.07331848144531
6611,31.100059509277344
6612,33.4155158996582
6613,35.4471549987793
6614,32.610679626464844
6615,32.58030319213867
6616,36.699092864990234
6617,33.855628967285156
6618,35.349430084228516
6619,32.94474792480469
6620,34.14341354370117
6621,34.08477020263672
6622,34.87949752807617
6623,34.54020690917969
6624,35.279911041259766
6625,34.33023452758789
6626,33.691951751708984
6627,34.75897979736328
6628,34.154273986816406
6629,33.13188934326172
6630,32.64094543457031
6631,33.53635787963867
6632,34.66414260864258
6633,32.5455322265625
6634,34.18175506591797
6635,30.91101837158203
6636,36.12090301513672
6637,35.798919677734375
6638,32.949668884277344
6639,34.09573745727539
6640,35.9477424621582
6641,33.33560562133789
6642,35.19129180908203
6643,32.62252426147461
6644,34.40915298461914
6645,34.43154525756836
6646,34.409664154052734
6647,33.845603942871094
6648,35.523590087890625
6649,36.25043487548828
6650,36.124847412109375
6651,32.94953536987305
6652,34.80651092529297
6653,32.322120666503906
6654,35.43456268310547
6655,33.99042510986328
6656,33.90965270996094
6657,36.72752380371094
6658,35.46846008300781
6659,34.03196716308594
6660,34.76692199707031
6661,34.74638366699219
6662,33.708465576171875
6663,33.9067268371582
6664,33.139892578125
6665,34.91047286987305
6666,35.189292907714844
6667,35.642921447753906
6668,33.651187896728516
6669,34.91362762451172
6670,34.588966369628906
6671,32.11623001098633
6672,35.94047546386719
6673,33.299705505371094
6674,32.53315734863281
6675,31.903915405273438
6676,33.55841064453125
6677,35.01823425292969
6678,33.382293701171875
6679,35.477699279785156
6680,34.55051803588867
6681,34.26286315917969
6682,31.80784034729004
6683,33.947853088378906
6684,34.8226318359375
6685,36.215518951416016
6686,32.83612060546875
6687,34.476688385009766
6688,35.881561279296875
6689,33.823081970214844
6690,33.27498245239258
6691,34.569557189941406
6692,34.898433685302734
6693,34.18135070800781
6694,34.44956588745117
6695,32.2609748840332
6696,33.462703704833984
6697,35.11335372924805
6698,35.4647216796875
6699,33.2691535949707
6700,33.88496017456055
6701,33.21680450439453
6702,34.11549758911133
6703,33.126976013183594
6704,34.01728439331055
6705,34.53845977783203
6706,32.41621017456055
6707,35.54460525512695
6708,34.71271514892578
6709,32.8105354309082
6710,33.52232360839844
6711,33.41451644897461
6712,34.881526947021484
6713,34.424949645996094
6714,36.23472595214844
6715,36.0504035949707
6716,32.39431381225586
6717,34.73951721191406
6718,35.546627044677734
6719,33.94819641113281
6720,32.92012023925781
6721,33.702964782714844
6722,33.15583801269531
6723,35.21022033691406
6724,36.3376350402832
6725,33.35321807861328
6726,31.67124366760254
6727,34.52339172363281
6728,36.810890197753906
6729,34.63329315185547
6730,34.00409698486328
6731,33.083518981933594
6732,35.14316177368164
6733,33.09794998168945
6734,32.40547561645508
6735,33.711483001708984
6736,32.96198654174805
6737,33.112125396728516
6738,33.56327438354492
6739,34.75764846801758
6740,33.013702392578125
6741,33.19602584838867
6742,31.610801696777344
6743,34.707908630371094
6744,33.17774963378906
6745,32.74663162231445
6746,33.64423370361328
6747,35.56722640991211
6748,33.47216033935547
6749,35.02125930786133
6750,33.58332061767578
6751,33.09022903442383
6752,32.9758186340332
6753,33.209346771240234
6754,35.92527389526367
6755,33.59157180786133
6756,37.222503662109375
6757,33.03593444824219
6758,33.641151428222656
6759,34.71574783325195
6760,35.33035659790039
6761,34.73558044433594
6762,32.1840934753418
6763,32.12826156616211
6764,35.348793029785156
6765,31.603710174560547
6766,31.85183334350586
6767,32.250789642333984
6768,33.54658889770508
6769,33.587989807128906
6770,31.214780807495117
6771,32.074493408203125
6772,35.72102737426758
6773,33.62746810913086
6774,33.18415069580078
6775,36.96425247192383
6776,31.997146606445312
6777,35.8098030090332
6778,34.6486930847168
6779,35.741397857666016
6780,34.839141845703125
6781,34.664859771728516
6782,34.06147384643555
6783,36.4515495300293
6784,35.28935241699219
6785,35.49838638305664
6786,33.34553909301758
6787,34.68940734863281
6788,32.47267532348633
6789,33.37180709838867
6790,33.97348403930664
6791,33.13685607910156
6792,33.255348205566406
6793,34.97967529296875
6794,33.24879455566406
6795,33.838035583496094
6796,33.521453857421875
6797,33.60246276855469
6798,33.34173583984375
6799,34.933624267578125
6800,35.211849212646484
6801,35.12830352783203
6802,33.43971633911133
6803,32.9975471496582
6804,34.512638092041016
6805,33.33397674560547
6806,32.607513427734375
6807,32.932987213134766
6808,32.093955993652344
6809,34.21745681762695
6810,31.0909423828125
6811,36.729713439941406
6812,32.369876861572266
6813,33.40446472167969
6814,37.18686294555664
6815,33.59025955200195
6816,32.6201057434082
6817,33.836891174316406
6818,34.54621887207031
6819,31.98499870300293
6820,32.62771987915039
6821,32.442073822021484
6822,37.35517501831055
6823,34.553428649902344
6824,35.237159729003906
6825,33.731468200683594
6826,36.5390739440918
6827,32.618473052978516
6828,35.563053131103516
6829,32.4783821105957
6830,32.5006217956543
6831,35.458656311035156
6832,32.69959259033203
6833,32.94197463989258
6834,34.9882698059082
6835,34.751399993896484
6836,33.42060852050781
6837,33.968963623046875
6838,33.4365348815918
6839,35.11212921142578
6840,35.134033203125
6841,33.069091796875
6842,31.407421112060547
6843,36.6345329284668
6844,33.43621063232422
6845,34.559783935546875
6846,33.47428512573242
6847,34.432373046875
6848,30.47988510131836
6849,33.96862030029297
6850,33.598175048828125
6851,34.86581802368164
6852,32.09345626831055
6853,33.34332275390625
6854,36.05744552612305
6855,36.42563247680664
6856,34.72734451293945
6857,35.84758377075195
6858,35.03111267089844
6859,35.78017807006836
6860,31.790964126586914
6861,35.137901306152344
6862,34.825523376464844
6863,34.50813293457031
6864,34.23563003540039
6865,34.74753189086914
6866,32.491294860839844
6867,33.92404556274414
6868,34.789390563964844
6869,34.9942741394043
6870,33.22868728637695
6871,34.86018371582031
6872,34.88296890258789
6873,35.02490997314453
6874,33.25726318359375
6875,34.29274368286133
6876,33.22385787963867
6877,33.293949127197266
6878,33.678382873535156
6879,35.537174224853516
6880,33.721534729003906
6881,35.114559173583984
6882,33.344356536865234
6883,32.198219299316406
6884,33.507911682128906
6885,34.34336471557617
6886,34.5655632019043
6887,34.9665412902832
6888,35.924015045166016
6889,31.100067138671875
6890,33.87662887573242
6891,36.94056701660156
6892,34.79492950439453
6893,31.784225463867188
6894,33.03023147583008
6895,34.2558479309082
6896,33.47865295410156
6897,36.7168083190918
6898,30.59598731994629
6899,32.29995346069336
6900,32.966217041015625
6901,34.69097900390625
6902,35.097434997558594
6903,32.551231384277344
6904,33.78453063964844
6905,33.83442687988281
6906,33.41361618041992
6907,32.82442092895508
6908,33.4536018371582
6909,33.24734115600586
6910,34.55620193481445
6911,36.122013092041016
6912,35.24671173095703
6913,33.81819534301758
6914,33.873573303222656
6915,33.12493896484375
6916,33.62040328979492
6917,33.22233581542969
6918,34.89359664916992
6919,35.236534118652344
6920,36.82010269165039
6921,35.855499267578125
6922,34.90582275390625
6923,34.28288650512695
6924,35.52083206176758
6925,33.97879409790039
6926,35.626068115234375
6927,33.20323944091797
6928,33.23486328125
6929,36.235992431640625
6930,33.470375061035156
6931,33.4544677734375
6932,31.237239837646484
6933,34.736236572265625
6934,36.17319869995117
6935,35.45220184326172
6936,34.65372085571289
6937,36.22079086303711
6938,33.293296813964844
6939,33.92270278930664
6940,35.170013427734375
6941,31.75735092163086
6942,36.37891387939453
6943,34.541927337646484
6944,36.431312561035156
6945,33.972965240478516
6946,32.35908126831055
6947,35.263450622558594
6948,32.35985565185547
6949,36.678646087646484
6950,35.42687225341797
6951,32.56280517578125
6952,35.6960563659668
6953,37.87886428833008
6954,33.006187438964844
6955,31.893156051635742
6956,33.31412887573242
6957,34.6625862121582
6958,37.2401123046875
6959,33.87535858154297
6960,31.745948791503906
6961,33.743263244628906
6962,35.04218673706055
6963,33.794769287109375
6964,34.282588958740234
6965,31.96706771850586
6966,34.037200927734375
6967,33.84756088256836
6968,30.89374351501465
6969,32.96921157836914
6970,36.002655029296875
6971,33.102500915527344
6972,32.0749626159668
6973,32.34384536743164
6974,36.633575439453125
6975,34.053226470947266
6976,33.55558776855469
6977,33.52592849731445
6978,35.133758544921875
6979,32.24510955810547
6980,35.78504943847656
6981,33.37845230102539
6982,34.747657775878906
6983,33.9672966003418
6984,32.296730041503906
6985,37.14414596557617
6986,35.195552825927734
6987,33.87446212768555
6988,36.37724685668945
6989,33.97260284423828
6990,34.461273193359375
6991,32.672637939453125
6992,34.43252182006836
6993,36.52578353881836
6994,34.757232666015625
6995,32.81660842895508
6996,34.808380126953125
6997,35.99125289916992
6998,33.379032135009766
6999,36.48270797729492
7000,34.8222541809082
7001,33.02070236206055
7002,33.55928421020508
7003,31.96343994140625
7004,33.02741241455078
7005,32.116973876953125
7006,34.88895797729492
7007,34.3274040222168
7008,31.98855972290039
7009,36.328365325927734
7010,32.80583190917969
7011,35.20737075805664
7012,35.58204650878906
7013,35.9301872253418
7014,35.194610595703125
7015,35.43903350830078
